idna_subject,checker_type,destination,tested_at
[adblock,AVAILABILITY,origin.list,2021-07-03 21:53:21.980890
plus,AVAILABILITY,origin.list,2021-07-03 21:53:26.083663
1.1],AVAILABILITY,origin.list,2021-07-03 21:53:29.350842
!,AVAILABILITY,origin.list,2021-07-03 21:53:32.613359
version:,AVAILABILITY,origin.list,2021-07-03 21:53:35.879417
202101161326,AVAILABILITY,origin.list,2021-07-03 21:53:39.965122
title:,AVAILABILITY,origin.list,2021-07-03 21:53:43.229490
easyprivacy,AVAILABILITY,origin.list,2021-07-03 21:53:47.326403
last,AVAILABILITY,origin.list,2021-07-03 21:53:51.483019
modified:,AVAILABILITY,origin.list,2021-07-03 21:53:54.745440
16,AVAILABILITY,origin.list,2021-07-03 21:53:58.827769
jan,AVAILABILITY,origin.list,2021-07-03 21:54:02.986590
2021,AVAILABILITY,origin.list,2021-07-03 21:54:07.064790
13:26,AVAILABILITY,origin.list,2021-07-03 21:54:10.333133
utc,AVAILABILITY,origin.list,2021-07-03 21:54:14.491819
expires:,AVAILABILITY,origin.list,2021-07-03 21:54:17.751634
4,AVAILABILITY,origin.list,2021-07-03 21:54:21.835179
days,AVAILABILITY,origin.list,2021-07-03 21:54:25.987097
(update,AVAILABILITY,origin.list,2021-07-03 21:54:29.248710
frequency),AVAILABILITY,origin.list,2021-07-03 21:54:32.516893
homepage:,AVAILABILITY,origin.list,2021-07-03 21:54:35.782800
licence:,AVAILABILITY,origin.list,2021-07-03 21:54:42.777144
please,AVAILABILITY,origin.list,2021-07-03 21:54:50.643655
report,AVAILABILITY,origin.list,2021-07-03 21:54:54.749824
any,AVAILABILITY,origin.list,2021-07-03 21:54:58.973296
unblocked,AVAILABILITY,origin.list,2021-07-03 21:55:03.191599
tracking,AVAILABILITY,origin.list,2021-07-03 21:55:07.350128
or,AVAILABILITY,origin.list,2021-07-03 21:55:11.503635
problems,AVAILABILITY,origin.list,2021-07-03 21:55:15.595513
in,AVAILABILITY,origin.list,2021-07-03 21:55:19.815697
the,AVAILABILITY,origin.list,2021-07-03 21:55:23.903080
forums,AVAILABILITY,origin.list,2021-07-03 21:55:27.995860
://(https://forums.lanik.us/),AVAILABILITY,origin.list,2021-07-03 21:55:31.261796
via,AVAILABILITY,origin.list,2021-07-03 21:55:35.415141
e-mail,AVAILABILITY,origin.list,2021-07-03 21:55:38.687106
(easylist@protonmail.com).,AVAILABILITY,origin.list,2021-07-03 21:55:41.951180
-----------------general,AVAILABILITY,origin.list,2021-07-03 21:55:45.216199
systems-----------------!,AVAILABILITY,origin.list,2021-07-03 21:55:48.478433
***,AVAILABILITY,origin.list,2021-07-03 21:55:51.741777
easylist:easyprivacy/easyprivacy_general.txt,AVAILABILITY,origin.list,2021-07-03 21:55:55.007913
&action=js_stats&,AVAILABILITY,origin.list,2021-07-03 21:55:58.273678
&action=js_stats_,AVAILABILITY,origin.list,2021-07-03 21:56:01.538510
&callback=hitstats_,AVAILABILITY,origin.list,2021-07-03 21:56:04.803410
&ctxid=*&pubid=*&clientdt=,AVAILABILITY,origin.list,2021-07-03 21:56:08.068037
&ctxid=*&pubid=*&objid=,AVAILABILITY,origin.list,2021-07-03 22:06:45.096373
&event=view&,AVAILABILITY,origin.list,2021-07-03 22:06:48.362645
&eventtype=impression&,AVAILABILITY,origin.list,2021-07-03 22:06:51.624967
&funnel_state=,AVAILABILITY,origin.list,2021-07-03 22:06:54.886017
"&http_referer=$script,xmlhttprequest,domain=~facebook.com",AVAILABILITY,origin.list,2021-07-03 22:06:58.153487
&idsite=*&send_image=$image,AVAILABILITY,origin.list,2021-07-03 22:07:01.416661
&pagereferrer=,AVAILABILITY,origin.list,2021-07-03 22:07:04.678709
&ref=*&tag=,AVAILABILITY,origin.list,2021-07-03 22:07:07.943855
&refer=http$script,AVAILABILITY,origin.list,2021-07-03 22:07:11.209102
&refererpagedetail=,AVAILABILITY,origin.list,2021-07-03 22:07:14.472040
&trackingserver=,AVAILABILITY,origin.list,2021-07-03 22:07:17.738779
&visitor=*&referrer=,AVAILABILITY,origin.list,2021-07-03 22:07:21.002103
&visitoruuid=,AVAILABILITY,origin.list,2021-07-03 22:07:24.262957
-action/fingerprint?,AVAILABILITY,origin.list,2021-07-03 22:07:27.525606
-action/ping?,AVAILABILITY,origin.list,2021-07-03 22:07:30.787983
-ad-targeting?,AVAILABILITY,origin.list,2021-07-03 22:07:34.053830
-adobe-analytics.,AVAILABILITY,origin.list,2021-07-03 22:07:37.316956
-ads-tracking-,AVAILABILITY,origin.list,2021-07-03 22:07:40.579645
-adtracking.,AVAILABILITY,origin.list,2021-07-03 22:07:43.842944
-amp-error-reporting.,AVAILABILITY,origin.list,2021-07-03 22:07:47.105641
-analitycs//fab.,AVAILABILITY,origin.list,2021-07-03 22:07:50.368276
-analitycs//ga.,AVAILABILITY,origin.list,2021-07-03 22:07:53.633434
-analitycs//metrica.,AVAILABILITY,origin.list,2021-07-03 22:07:56.896826
-analitycs/fab.,AVAILABILITY,origin.list,2021-07-03 22:08:00.159679
-analitycs/ga.,AVAILABILITY,origin.list,2021-07-03 22:08:03.422984
-analitycs/metrica.,AVAILABILITY,origin.list,2021-07-03 22:08:06.685241
-analytics-events.,AVAILABILITY,origin.list,2021-07-03 22:08:09.951009
-analytics-state?,AVAILABILITY,origin.list,2021-07-03 22:08:13.213873
-analytics-tagserver-,AVAILABILITY,origin.list,2021-07-03 22:08:16.476626
-analytics-wi.,AVAILABILITY,origin.list,2021-07-03 22:08:19.739449
-analytics/analytics.,AVAILABILITY,origin.list,2021-07-03 22:08:23.002404
-analytics/insight.,AVAILABILITY,origin.list,2021-07-03 22:08:26.267924
-appanalytics-,AVAILABILITY,origin.list,2021-07-03 22:08:29.530876
-asset-tag.,AVAILABILITY,origin.list,2021-07-03 22:08:32.793763
-audience-science-pixel/,AVAILABILITY,origin.list,2021-07-03 22:08:36.059904
-baynote.,AVAILABILITY,origin.list,2021-07-03 22:08:39.321160
-bluekai.,AVAILABILITY,origin.list,2021-07-03 22:08:42.586929
-boomerang_,AVAILABILITY,origin.list,2021-07-03 22:08:45.849955
-click-tracker.,AVAILABILITY,origin.list,2021-07-03 22:08:49.112966
-clicktale.,AVAILABILITY,origin.list,2021-07-03 22:08:52.375901
-comscore.,AVAILABILITY,origin.list,2021-07-03 22:08:55.639252
-conversion-tracking-,AVAILABILITY,origin.list,2021-07-03 22:08:58.903299
-criteo.,AVAILABILITY,origin.list,2021-07-03 22:09:02.166271
-datacollection.,AVAILABILITY,origin.list,2021-07-03 22:09:05.429510
-dspcookiematching.,AVAILABILITY,origin.list,2021-07-03 22:09:08.692675
-dtaectolog-,AVAILABILITY,origin.list,2021-07-03 22:09:11.955400
-event-tracking.,AVAILABILITY,origin.list,2021-07-03 22:09:15.219137
-fb-pixel-,AVAILABILITY,origin.list,2021-07-03 22:09:18.482212
-ga-track.,AVAILABILITY,origin.list,2021-07-03 22:09:21.744589
-ga-tracker.,AVAILABILITY,origin.list,2021-07-03 22:09:25.007754
-ga-tracking/,AVAILABILITY,origin.list,2021-07-03 22:09:28.272352
-gatracker.,AVAILABILITY,origin.list,2021-07-03 22:09:31.536403
-geoip.js,AVAILABILITY,origin.list,2021-07-03 22:09:34.800230
-google-analytics-$domain=~wordpress.org,AVAILABILITY,origin.list,2021-07-03 22:09:38.063707
-google-analytics.,AVAILABILITY,origin.list,2021-07-03 22:09:41.331526
-google-analytics/$domain=~wordpress.org,AVAILABILITY,origin.list,2021-07-03 22:09:44.597246
"-google-tag-manager/$script,domain=~wordpress.org",AVAILABILITY,origin.list,2021-07-03 22:09:47.860839
-heatmaps-analytics/,AVAILABILITY,origin.list,2021-07-03 22:09:51.124136
-imppix/,AVAILABILITY,origin.list,2021-07-03 22:09:54.387411
-inview-tracker.,AVAILABILITY,origin.list,2021-07-03 22:09:57.650131
-javascript_xiti_,AVAILABILITY,origin.list,2021-07-03 22:10:00.916373
-kameleoon.js,AVAILABILITY,origin.list,2021-07-03 22:10:04.180280
-kameleoon.min.js,AVAILABILITY,origin.list,2021-07-03 22:10:07.441034
-krux-tag/,AVAILABILITY,origin.list,2021-07-03 22:10:10.707352
-log?referUrl=,AVAILABILITY,origin.list,2021-07-03 22:10:13.971563
-logging/log?,AVAILABILITY,origin.list,2021-07-03 22:10:17.234703
-lp-tracking.,AVAILABILITY,origin.list,2021-07-03 22:10:20.497410
-mastertag.,AVAILABILITY,origin.list,2021-07-03 22:10:23.760619
-mediaplex_,AVAILABILITY,origin.list,2021-07-03 22:10:27.025688
-optimization-metrics.,AVAILABILITY,origin.list,2021-07-03 22:10:30.291601
-optimost-,AVAILABILITY,origin.list,2021-07-03 22:10:33.555760
-page-analytics.,AVAILABILITY,origin.list,2021-07-03 22:10:36.820572
-pixel.*?uuid=,AVAILABILITY,origin.list,2021-07-03 22:10:40.083807
-pixelfront-analytics.,AVAILABILITY,origin.list,2021-07-03 22:10:43.347392
-quantcast-measurement.,AVAILABILITY,origin.list,2021-07-03 22:10:46.611124
-realtime-logging-,AVAILABILITY,origin.list,2021-07-03 22:10:49.874699
-rttracking.,AVAILABILITY,origin.list,2021-07-03 22:10:53.150906
-sa-tracker-,AVAILABILITY,origin.list,2021-07-03 22:10:56.415650
-sc-analytics.,AVAILABILITY,origin.list,2021-07-03 22:10:59.679553
-scroll-tracker.js,AVAILABILITY,origin.list,2021-07-03 22:11:02.943317
-seo-tracker.,AVAILABILITY,origin.list,2021-07-03 22:11:06.206788
-social-tracking.,AVAILABILITY,origin.list,2021-07-03 22:11:09.470198
-stat/collect/,AVAILABILITY,origin.list,2021-07-03 22:11:12.733837
-stat?callback=,AVAILABILITY,origin.list,2021-07-03 22:11:15.997803
-stats/fab.,AVAILABILITY,origin.list,2021-07-03 22:11:19.261575
-stats/ga.,AVAILABILITY,origin.list,2021-07-03 22:11:22.527066
-stats/imr.,AVAILABILITY,origin.list,2021-07-03 22:11:25.790670
-stats/metrica.,AVAILABILITY,origin.list,2021-07-03 22:11:29.057445
-track-ati.,AVAILABILITY,origin.list,2021-07-03 22:11:32.321185
-track-inview.,AVAILABILITY,origin.list,2021-07-03 22:11:35.588118
-tracker-geoip.,AVAILABILITY,origin.list,2021-07-03 22:11:38.851762
-tracking-pixel.,AVAILABILITY,origin.list,2021-07-03 22:11:42.117736
-tracking.gtm.,AVAILABILITY,origin.list,2021-07-03 22:11:45.381355
-tracking/ga-,AVAILABILITY,origin.list,2021-07-03 22:11:48.645274
-tracking?referrer=,AVAILABILITY,origin.list,2021-07-03 22:11:51.908266
-trackingscript.,AVAILABILITY,origin.list,2021-07-03 22:11:55.172065
-unbxdanalytics.,AVAILABILITY,origin.list,2021-07-03 22:11:58.436291
-universal-analytics/,AVAILABILITY,origin.list,2021-07-03 22:12:01.704285
-v1/tracking/,AVAILABILITY,origin.list,2021-07-03 22:12:04.968130
-xtcore.js,AVAILABILITY,origin.list,2021-07-03 22:12:08.234006
.admpixelscachecontroller?,AVAILABILITY,origin.list,2021-07-03 22:12:11.497634
.analysis.pv.,AVAILABILITY,origin.list,2021-07-03 22:12:14.764307
.analytics.min.,AVAILABILITY,origin.list,2021-07-03 22:12:18.032496
.asis?Log=,AVAILABILITY,origin.list,2021-07-03 22:12:21.295594
.asp?t=*&c=$image,AVAILABILITY,origin.list,2021-07-03 22:12:24.558879
.aspx?trackid=,AVAILABILITY,origin.list,2021-07-03 22:12:27.822170
.au/c.gif?,AVAILABILITY,origin.list,2021-07-03 22:12:31.085282
.au/t.ashx?,AVAILABILITY,origin.list,2021-07-03 22:12:34.349179
.be/uts/,AVAILABILITY,origin.list,2021-07-03 22:12:37.615449
.beacon.min.js,AVAILABILITY,origin.list,2021-07-03 22:12:40.880789
.bmp?*&referrer=,AVAILABILITY,origin.list,2021-07-03 22:12:44.144513
.cc/s.gif?,AVAILABILITY,origin.list,2021-07-03 22:12:47.409666
.cdn-tracking.js,AVAILABILITY,origin.list,2021-07-03 22:12:50.673676
.click/track?,AVAILABILITY,origin.list,2021-07-03 22:12:53.937588
.cn/0.gif?,AVAILABILITY,origin.list,2021-07-03 22:12:57.201179
.cn/1.gif?,AVAILABILITY,origin.list,2021-07-03 22:13:00.462675
.cn/2.gif?,AVAILABILITY,origin.list,2021-07-03 22:13:03.726372
.cn/a.gif?,AVAILABILITY,origin.list,2021-07-03 22:13:06.988514
.cn/b.gif?,AVAILABILITY,origin.list,2021-07-03 22:13:10.252512
.cn/jc.gif?,AVAILABILITY,origin.list,2021-07-03 22:13:13.516425
.cn/pv.gif?,AVAILABILITY,origin.list,2021-07-03 22:13:16.783502
.cn/r.gif?,AVAILABILITY,origin.list,2021-07-03 22:13:20.047393
.cn/s.gif?,AVAILABILITY,origin.list,2021-07-03 22:13:23.310466
.cn/sl.gif?,AVAILABILITY,origin.list,2021-07-03 22:13:26.574384
.cn/z.gif?,AVAILABILITY,origin.list,2021-07-03 22:13:29.840193
.co/e.gif?,AVAILABILITY,origin.list,2021-07-03 22:13:33.103245
.com.au/HG?hc=,AVAILABILITY,origin.list,2021-07-03 22:13:36.368255
.com.com/redir?timestamp,AVAILABILITY,origin.list,2021-07-03 22:13:39.637924
.com/0.gif?,AVAILABILITY,origin.list,2021-07-03 22:13:42.901907
.com/1.gif?,AVAILABILITY,origin.list,2021-07-03 22:13:46.166062
.com/2.gif?,AVAILABILITY,origin.list,2021-07-03 22:13:49.431537
.com/3.gif?,AVAILABILITY,origin.list,2021-07-03 22:13:52.695429
".com/?epl=$image,script",AVAILABILITY,origin.list,2021-07-03 22:13:55.960256
.com/?livehit,AVAILABILITY,origin.list,2021-07-03 22:13:59.225043
.com/_.gif?,AVAILABILITY,origin.list,2021-07-03 22:14:02.498140
.com/__kl.gif?,AVAILABILITY,origin.list,2021-07-03 22:14:05.764304
.com/a.gif?,AVAILABILITY,origin.list,2021-07-03 22:14:09.028282
".com/analytics.js?_t=$script,third-party",AVAILABILITY,origin.list,2021-07-03 22:14:12.293652
.com/analytics?,AVAILABILITY,origin.list,2021-07-03 22:14:15.560404
.com/b.gif?,AVAILABILITY,origin.list,2021-07-03 22:14:18.824456
.com/blank.aspx?,AVAILABILITY,origin.list,2021-07-03 22:14:22.088310
.com/bt/s.png?b=,AVAILABILITY,origin.list,2021-07-03 22:14:25.355592
.com/c.gif?,AVAILABILITY,origin.list,2021-07-03 22:14:28.619965
.com/clk?,AVAILABILITY,origin.list,2021-07-03 22:14:31.887943
.com/cm?ci=,AVAILABILITY,origin.list,2021-07-03 22:14:35.152967
.com/cm?tid,AVAILABILITY,origin.list,2021-07-03 22:14:38.416533
.com/counter?,AVAILABILITY,origin.list,2021-07-03 22:14:41.680481
.com/dc.gif?,AVAILABILITY,origin.list,2021-07-03 22:14:44.944266
.com/e.gif?,AVAILABILITY,origin.list,2021-07-03 22:14:48.208218
.com/f.gif?,AVAILABILITY,origin.list,2021-07-03 22:14:51.472539
.com/g.gif?,AVAILABILITY,origin.list,2021-07-03 22:14:54.740362
.com/ga-*.js,AVAILABILITY,origin.list,2021-07-03 22:14:58.004764
.com/ga.js;,AVAILABILITY,origin.list,2021-07-03 22:15:01.273115
.com/ga.js?,AVAILABILITY,origin.list,2021-07-03 22:15:04.537686
.com/geo_ip,AVAILABILITY,origin.list,2021-07-03 22:15:07.801474
.com/HG?,AVAILABILITY,origin.list,2021-07-03 22:15:11.065273
.com/hitlog?,AVAILABILITY,origin.list,2021-07-03 22:15:14.331602
.com/i.gif?,AVAILABILITY,origin.list,2021-07-03 22:15:17.595510
.com/js/ga-*.js,AVAILABILITY,origin.list,2021-07-03 22:15:20.860341
.com/js/ga.js,AVAILABILITY,origin.list,2021-07-03 22:15:24.124425
.com/log/?,AVAILABILITY,origin.list,2021-07-03 22:15:27.388311
.com/log?event,AVAILABILITY,origin.list,2021-07-03 22:15:30.656800
.com/log?srvc,AVAILABILITY,origin.list,2021-07-03 22:15:33.921519
.com/log?type,AVAILABILITY,origin.list,2021-07-03 22:15:37.185886
.com/mm.gif?,AVAILABILITY,origin.list,2021-07-03 22:15:40.451692
.com/o.gif?,AVAILABILITY,origin.list,2021-07-03 22:15:43.720330
.com/p.gif?,AVAILABILITY,origin.list,2021-07-03 22:15:46.985113
.com/pagelogger/,AVAILABILITY,origin.list,2021-07-03 22:15:50.250119
.com/pv.gif?,AVAILABILITY,origin.list,2021-07-03 22:15:53.514781
.com/pvlog?,AVAILABILITY,origin.list,2021-07-03 22:15:56.778735
.com/px.js?,AVAILABILITY,origin.list,2021-07-03 22:16:00.042505
.com/r.gif?,AVAILABILITY,origin.list,2021-07-03 22:16:03.307841
.com/s.gif?,AVAILABILITY,origin.list,2021-07-03 22:16:06.571870
.com/s/at?site,AVAILABILITY,origin.list,2021-07-03 22:16:09.836886
.com/ss/*sessionId=,AVAILABILITY,origin.list,2021-07-03 22:16:13.100700
.com/stats.ashx?,AVAILABILITY,origin.list,2021-07-03 22:16:16.364778
.com/stats.aspx?,AVAILABILITY,origin.list,2021-07-03 22:16:19.632501
.com/tp.php?,AVAILABILITY,origin.list,2021-07-03 22:16:22.897324
.com/track?$~object,AVAILABILITY,origin.list,2021-07-03 22:16:26.166390
.com/tracker.jsp,AVAILABILITY,origin.list,2021-07-03 22:16:29.431603
.com/tracking?,AVAILABILITY,origin.list,2021-07-03 22:16:32.695904
.com/traffic/?t=*&cb=,AVAILABILITY,origin.list,2021-07-03 22:16:35.960287
.com/u.gif?,AVAILABILITY,origin.list,2021-07-03 22:16:39.225431
.com/v.gif?,AVAILABILITY,origin.list,2021-07-03 22:16:42.490879
.com/vanity/?,AVAILABILITY,origin.list,2021-07-03 22:16:45.754802
.com/vtrack|,AVAILABILITY,origin.list,2021-07-03 22:16:49.019317
.com/w.gif?,AVAILABILITY,origin.list,2021-07-03 22:16:52.283782
.com/www.gif?,AVAILABILITY,origin.list,2021-07-03 22:16:55.552948
.com/x.gif?,AVAILABILITY,origin.list,2021-07-03 22:16:58.820348
.com/x0.gif?,AVAILABILITY,origin.list,2021-07-03 22:17:02.085165
.com/z.gif?,AVAILABILITY,origin.list,2021-07-03 22:17:05.349782
.composetrack.htm,AVAILABILITY,origin.list,2021-07-03 22:17:08.615946
.content_tracking.,AVAILABILITY,origin.list,2021-07-03 22:17:11.882779
.core.tracking-min-,AVAILABILITY,origin.list,2021-07-03 22:17:15.148231
.d-engine.js,AVAILABILITY,origin.list,2021-07-03 22:17:18.416894
.de/e.gif?,AVAILABILITY,origin.list,2021-07-03 22:17:21.682456
.de/h.gif?,AVAILABILITY,origin.list,2021-07-03 22:17:24.947723
.de/l.gif?,AVAILABILITY,origin.list,2021-07-03 22:17:28.212909
.de/o.gif?,AVAILABILITY,origin.list,2021-07-03 22:17:31.485051
.de/z.gif?,AVAILABILITY,origin.list,2021-07-03 22:17:34.753545
.do_tracking&,AVAILABILITY,origin.list,2021-07-03 22:17:38.022111
.drive-analytics.,AVAILABILITY,origin.list,2021-07-03 22:17:41.289772
.eloqua.js,AVAILABILITY,origin.list,2021-07-03 22:17:44.557085
.emsecure.min.js,AVAILABILITY,origin.list,2021-07-03 22:17:47.829430
.eventtracking.,AVAILABILITY,origin.list,2021-07-03 22:17:51.095552
.eventtrackingplugins.,AVAILABILITY,origin.list,2021-07-03 22:17:54.359737
.fr/z.gif?,AVAILABILITY,origin.list,2021-07-03 22:17:57.629453
.gatracker.,AVAILABILITY,origin.list,2021-07-03 22:18:00.896032
.gatracking.js,AVAILABILITY,origin.list,2021-07-03 22:18:04.167079
.gif?*&url=*&banners=,AVAILABILITY,origin.list,2021-07-03 22:18:07.433754
.gif?ad=,AVAILABILITY,origin.list,2021-07-03 22:18:10.704385
.gif?event=,AVAILABILITY,origin.list,2021-07-03 22:18:13.971031
.gif?hit_,AVAILABILITY,origin.list,2021-07-03 22:18:17.236123
.gif?Log=$~xmlhttprequest,AVAILABILITY,origin.list,2021-07-03 22:18:20.505296
.gif?logid=*&event_,AVAILABILITY,origin.list,2021-07-03 22:18:23.770894
.gif?page_refer_,AVAILABILITY,origin.list,2021-07-03 22:18:27.038238
.gif?pixels=,AVAILABILITY,origin.list,2021-07-03 22:18:30.303747
.gif?pixelToken=,AVAILABILITY,origin.list,2021-07-03 22:18:33.569466
.gif?ref=*&ev=,AVAILABILITY,origin.list,2021-07-03 22:18:36.836021
.gif?ref=*&url=,AVAILABILITY,origin.list,2021-07-03 22:18:40.105685
.gif?track_,AVAILABILITY,origin.list,2021-07-03 22:18:43.371418
.gif?uri=,AVAILABILITY,origin.list,2021-07-03 22:18:46.636636
.google.tracker.js,AVAILABILITY,origin.list,2021-07-03 22:18:49.902456
.googleanalytics.js,AVAILABILITY,origin.list,2021-07-03 22:18:53.170638
.googleanalytics.prod.,AVAILABILITY,origin.list,2021-07-03 22:18:56.437312
.googleanalytics/,AVAILABILITY,origin.list,2021-07-03 22:18:59.702326
.gov/stat?,AVAILABILITY,origin.list,2021-07-03 22:19:02.967216
.htm?imprId=,AVAILABILITY,origin.list,2021-07-03 22:19:06.231565
.html?wpl=,AVAILABILITY,origin.list,2021-07-03 22:19:09.497567
.idge/js/analytics/,AVAILABILITY,origin.list,2021-07-03 22:19:12.766265
.iframetracker/,AVAILABILITY,origin.list,2021-07-03 22:19:16.031315
.in/c.gif?,AVAILABILITY,origin.list,2021-07-03 22:19:19.295616
.io/0.gif?,AVAILABILITY,origin.list,2021-07-03 22:19:22.560543
.io/track?,AVAILABILITY,origin.list,2021-07-03 22:19:25.824100
.io/w.gif?,AVAILABILITY,origin.list,2021-07-03 22:19:29.090013
.it/s.gif?,AVAILABILITY,origin.list,2021-07-03 22:19:32.358943
.jp/pv?,AVAILABILITY,origin.list,2021-07-03 22:19:35.624404
.js?referer=,AVAILABILITY,origin.list,2021-07-03 22:19:38.889834
.js?referrer=,AVAILABILITY,origin.list,2021-07-03 22:19:42.156904
.jsp/?Log=,AVAILABILITY,origin.list,2021-07-03 22:19:45.422601
.lms-analytics/,AVAILABILITY,origin.list,2021-07-03 22:19:48.687946
.me/geoip/,AVAILABILITY,origin.list,2021-07-03 22:19:51.951915
.me/l.gif?,AVAILABILITY,origin.list,2021-07-03 22:19:55.221821
.net/0.gif?,AVAILABILITY,origin.list,2021-07-03 22:19:58.487442
.net/c.gif?,AVAILABILITY,origin.list,2021-07-03 22:20:01.753358
.net/e.gif?,AVAILABILITY,origin.list,2021-07-03 22:20:05.017496
.net/HG?hc=&hb=,AVAILABILITY,origin.list,2021-07-03 22:20:08.284037
.net/i.gif?,AVAILABILITY,origin.list,2021-07-03 22:20:11.549551
.net/l.gif?,AVAILABILITY,origin.list,2021-07-03 22:20:14.818625
.net/p.gif?,AVAILABILITY,origin.list,2021-07-03 22:20:18.084479
.net/ping.php?,AVAILABILITY,origin.list,2021-07-03 22:20:21.350109
.net/px.js?,AVAILABILITY,origin.list,2021-07-03 22:20:24.613585
.net/s.gif?,AVAILABILITY,origin.list,2021-07-03 22:20:27.879349
.net/trck/,AVAILABILITY,origin.list,2021-07-03 22:20:31.145436
.net/vtrack|,AVAILABILITY,origin.list,2021-07-03 22:20:34.411101
.net/z.gif?,AVAILABILITY,origin.list,2021-07-03 22:20:37.677824
.ntpagetag.,AVAILABILITY,origin.list,2021-07-03 22:20:40.944844
.org/?js|,AVAILABILITY,origin.list,2021-07-03 22:20:44.213564
.org/js/ga-,AVAILABILITY,origin.list,2021-07-03 22:20:47.478887
.org/js/ga.js,AVAILABILITY,origin.list,2021-07-03 22:20:50.745208
.org/o.gif?,AVAILABILITY,origin.list,2021-07-03 22:20:54.008819
.ovh/presbyters.js,AVAILABILITY,origin.list,2021-07-03 22:20:57.272470
.pagehitservlet?,AVAILABILITY,origin.list,2021-07-03 22:21:00.538423
.pagevisitcounter_,AVAILABILITY,origin.list,2021-07-03 22:21:03.804549
.php?action=browse&,AVAILABILITY,origin.list,2021-07-03 22:21:07.070817
.php?action_name=,AVAILABILITY,origin.list,2021-07-03 22:21:10.337714
.php?hey_stat=,AVAILABILITY,origin.list,2021-07-03 22:21:13.606494
.php?logRefer=,AVAILABILITY,origin.list,2021-07-03 22:21:16.872682
.php?logType=,AVAILABILITY,origin.list,2021-07-03 22:21:20.143834
.php?notrack=,AVAILABILITY,origin.list,2021-07-03 22:21:23.409993
.php?p=stats&,AVAILABILITY,origin.list,2021-07-03 22:21:26.677995
.php?ping=,AVAILABILITY,origin.list,2021-07-03 22:21:29.947155
.php?refcode=,AVAILABILITY,origin.list,2021-07-03 22:21:33.214652
.php?self=,AVAILABILITY,origin.list,2021-07-03 22:21:36.481052
.php?stats=,AVAILABILITY,origin.list,2021-07-03 22:21:39.747144
.php?tracking=,AVAILABILITY,origin.list,2021-07-03 22:21:43.015106
.pixel?*&event_,AVAILABILITY,origin.list,2021-07-03 22:21:46.281244
.pixel?record_,AVAILABILITY,origin.list,2021-07-03 22:21:49.548122
.pixelnedstatstatistic/,AVAILABILITY,origin.list,2021-07-03 22:21:52.818165
.pl?trans.gif&ref=,AVAILABILITY,origin.list,2021-07-03 22:21:56.085453
.png?cpn=,AVAILABILITY,origin.list,2021-07-03 22:21:59.351606
.png?uid=*&tag=,AVAILABILITY,origin.list,2021-07-03 22:22:02.619121
.pt/n.gif?,AVAILABILITY,origin.list,2021-07-03 22:22:05.885725
.redux-logger-,AVAILABILITY,origin.list,2021-07-03 22:22:09.153795
.ro/c.gif?,AVAILABILITY,origin.list,2021-07-03 22:22:12.422741
.ru/0.gif?,AVAILABILITY,origin.list,2021-07-03 22:22:15.690297
.sharecounter.$third-party,AVAILABILITY,origin.list,2021-07-03 22:22:18.958391
.sitecatalyst.js,AVAILABILITY,origin.list,2021-07-03 22:22:22.226453
.siteclarity.,AVAILABILITY,origin.list,2021-07-03 22:22:25.494358
.sitetracking.,AVAILABILITY,origin.list,2021-07-03 22:22:28.761394
.skimlinks.js,AVAILABILITY,origin.list,2021-07-03 22:22:32.028766
.snowplowanalytics.$domain=~snowplowanalytics.com,AVAILABILITY,origin.list,2021-07-03 22:22:35.295851
.social_tracking.,AVAILABILITY,origin.list,2021-07-03 22:22:38.563825
.statdata-eup.,AVAILABILITY,origin.list,2021-07-03 22:22:41.829758
.stats?action=,AVAILABILITY,origin.list,2021-07-03 22:22:45.096317
.svc/?tracking_id=,AVAILABILITY,origin.list,2021-07-03 22:22:48.364444
.tealium.,AVAILABILITY,origin.list,2021-07-03 22:22:51.632051
.to/js/ga.js,AVAILABILITY,origin.list,2021-07-03 22:22:54.898411
.to/vtrack|,AVAILABILITY,origin.list,2021-07-03 22:22:58.164971
.track.actions.get?,AVAILABILITY,origin.list,2021-07-03 22:23:01.434863
.track_visit?,AVAILABILITY,origin.list,2021-07-03 22:23:04.700240
.trackarticleaction&,AVAILABILITY,origin.list,2021-07-03 22:23:07.969955
.tracking.js?dpv=,AVAILABILITY,origin.list,2021-07-03 22:23:11.238111
.trackuseraction&,AVAILABILITY,origin.list,2021-07-03 22:23:14.503986
.traffictracking.,AVAILABILITY,origin.list,2021-07-03 22:23:17.771548
.tstracker.,AVAILABILITY,origin.list,2021-07-03 22:23:21.037930
.tv/log?event,AVAILABILITY,origin.list,2021-07-03 22:23:24.305800
.tv/t.png?,AVAILABILITY,origin.list,2021-07-03 22:23:27.571933
.uk/o.gif?,AVAILABILITY,origin.list,2021-07-03 22:23:30.838091
.uk/pv?,AVAILABILITY,origin.list,2021-07-03 22:23:34.110363
.uk/track?,AVAILABILITY,origin.list,2021-07-03 22:23:37.375908
.uk/traffic/?,AVAILABILITY,origin.list,2021-07-03 22:23:40.641630
.usertracking_script.js,AVAILABILITY,origin.list,2021-07-03 22:23:43.908191
.v4.analytics.,AVAILABILITY,origin.list,2021-07-03 22:23:47.179366
.vn/0.gif?,AVAILABILITY,origin.list,2021-07-03 22:23:50.444940
.vstracking.,AVAILABILITY,origin.list,2021-07-03 22:23:53.711189
.webmetrics.js,AVAILABILITY,origin.list,2021-07-03 22:23:56.978203
.webstats.,AVAILABILITY,origin.list,2021-07-03 22:24:00.241902
.wxadtargeting.,AVAILABILITY,origin.list,2021-07-03 22:24:03.509072
/!crd_prm!.,AVAILABILITY,origin.list,2021-07-03 22:24:06.782085
//feedproxy.*/~r/*$image,AVAILABILITY,origin.list,2021-07-03 22:24:10.051001
/0.png?ver=,AVAILABILITY,origin.list,2021-07-03 22:24:13.318069
/0pixel.php?,AVAILABILITY,origin.list,2021-07-03 22:24:16.584736
/1.gif?n=,AVAILABILITY,origin.list,2021-07-03 22:24:19.852046
/1px.gif?,AVAILABILITY,origin.list,2021-07-03 22:24:23.119286
/1px.php?,AVAILABILITY,origin.list,2021-07-03 22:24:26.385775
/1x1.a?,AVAILABILITY,origin.list,2021-07-03 22:24:29.652947
/1x1.dyn?,AVAILABILITY,origin.list,2021-07-03 22:24:32.921972
/1x1.gif?,AVAILABILITY,origin.list,2021-07-03 22:24:36.190132
/1x1.png?,AVAILABILITY,origin.list,2021-07-03 22:24:39.456147
/1x1_akamai.gif,AVAILABILITY,origin.list,2021-07-03 22:24:42.726015
/1x1_imp.gif?,AVAILABILITY,origin.list,2021-07-03 22:24:45.991649
/1x1p.gif?,AVAILABILITY,origin.list,2021-07-03 22:24:49.257973
/1x1tracker.,AVAILABILITY,origin.list,2021-07-03 22:24:52.525855
/247px.js,AVAILABILITY,origin.list,2021-07-03 22:24:55.794848
/2x2.gif?$image,AVAILABILITY,origin.list,2021-07-03 22:24:59.063091
/3rd-party-stats/*,AVAILABILITY,origin.list,2021-07-03 22:25:02.329159
/4399stat.js,AVAILABILITY,origin.list,2021-07-03 22:25:05.595680
/500b-bench.jpg?,AVAILABILITY,origin.list,2021-07-03 22:25:08.861343
/?&cs=*&pid=*&tid=,AVAILABILITY,origin.list,2021-07-03 22:25:12.130443
/?&pid=*&subid=$image,AVAILABILITY,origin.list,2021-07-03 22:25:15.396823
/?&subid=*&pid=$image,AVAILABILITY,origin.list,2021-07-03 22:25:18.662889
/?com=visit*=record&,AVAILABILITY,origin.list,2021-07-03 22:25:21.929760
"/?dm=*&blogid=$script,domain=~wordpress.org",AVAILABILITY,origin.list,2021-07-03 22:25:25.197183
/?dsp_uid=,AVAILABILITY,origin.list,2021-07-03 22:25:28.464421
/?essb_counter_,AVAILABILITY,origin.list,2021-07-03 22:25:31.730631
/?livehit=,AVAILABILITY,origin.list,2021-07-03 22:25:34.997529
/?mob.ct=,AVAILABILITY,origin.list,2021-07-03 22:25:38.263815
/?record&key=,AVAILABILITY,origin.list,2021-07-03 22:25:41.530545
/?swift-performance-tracking,AVAILABILITY,origin.list,2021-07-03 22:25:44.798716
/_/lite/performance/*,AVAILABILITY,origin.list,2021-07-03 22:25:48.066528
/__analytics/*,AVAILABILITY,origin.list,2021-07-03 22:25:51.333228
/__dam.gif?,AVAILABILITY,origin.list,2021-07-03 22:25:54.600786
/__ssobj/core.js,AVAILABILITY,origin.list,2021-07-03 22:25:57.868110
/__ssobj/sync?$image,AVAILABILITY,origin.list,2021-07-03 22:26:01.135723
/__sttm.gif?,AVAILABILITY,origin.list,2021-07-03 22:26:04.402680
/__tm3k.gif?,AVAILABILITY,origin.list,2021-07-03 22:26:07.674595
/__ub.gif?,AVAILABILITY,origin.list,2021-07-03 22:26:10.941881
/__utm.gif,AVAILABILITY,origin.list,2021-07-03 22:26:14.206877
/__utm.js,AVAILABILITY,origin.list,2021-07-03 22:26:17.474456
/__varnish_geoip,AVAILABILITY,origin.list,2021-07-03 22:26:20.742121
/__wsm.gif,AVAILABILITY,origin.list,2021-07-03 22:26:24.010654
/_bm/abd-,AVAILABILITY,origin.list,2021-07-03 22:26:27.278089
/_bm/bd-,AVAILABILITY,origin.list,2021-07-03 22:26:30.545408
/_bm/cbd-,AVAILABILITY,origin.list,2021-07-03 22:26:33.813455
/_dts.gif?,AVAILABILITY,origin.list,2021-07-03 22:26:37.081396
/_hcms/perf,AVAILABILITY,origin.list,2021-07-03 22:26:40.351380
/_lib/ga.js,AVAILABILITY,origin.list,2021-07-03 22:26:43.617730
/_owa.gif?,AVAILABILITY,origin.list,2021-07-03 22:39:15.534041
/_sess/script.js,AVAILABILITY,origin.list,2021-07-03 22:39:18.802581
/_stat/log/*,AVAILABILITY,origin.list,2021-07-03 22:39:22.070543
/_stat/log_,AVAILABILITY,origin.list,2021-07-03 22:39:25.338179
/_t.gif?*&u=,AVAILABILITY,origin.list,2021-07-03 22:39:28.608406
/_t.gif?url=,AVAILABILITY,origin.list,2021-07-03 22:39:31.880508
/_topic_stats?,AVAILABILITY,origin.list,2021-07-03 22:39:35.154034
/_tracking/*,AVAILABILITY,origin.list,2021-07-03 22:39:38.424642
/_visitcount?,AVAILABILITY,origin.list,2021-07-03 22:39:41.691959
/A-LogAnalyzer/*,AVAILABILITY,origin.list,2021-07-03 22:39:44.958592
/a-stat.,AVAILABILITY,origin.list,2021-07-03 22:39:48.228804
/a.gif?uuid,AVAILABILITY,origin.list,2021-07-03 22:39:51.502426
/a.logrequest.yolx?,AVAILABILITY,origin.list,2021-07-03 22:39:54.772554
/a.php?ref=,AVAILABILITY,origin.list,2021-07-03 22:39:58.040842
/a/analytics/*,AVAILABILITY,origin.list,2021-07-03 22:40:01.308886
/a8c-analytics.,AVAILABILITY,origin.list,2021-07-03 22:40:04.582691
/a8c-analytics/*,AVAILABILITY,origin.list,2021-07-03 22:40:07.852786
/aa.php?anuid=,AVAILABILITY,origin.list,2021-07-03 22:40:11.124721
/aap/stats,AVAILABILITY,origin.list,2021-07-03 22:40:14.392229
/ablank.gif?,AVAILABILITY,origin.list,2021-07-03 22:40:17.663196
/abp-analytics.,AVAILABILITY,origin.list,2021-07-03 22:40:20.931884
/abp.gif?,AVAILABILITY,origin.list,2021-07-03 22:40:24.199287
/abppx-*.gif?,AVAILABILITY,origin.list,2021-07-03 22:40:27.471725
/abstat.,AVAILABILITY,origin.list,2021-07-03 22:40:30.739397
/abtestInit-,AVAILABILITY,origin.list,2021-07-03 22:40:34.009396
/abtshield-snippet.js,AVAILABILITY,origin.list,2021-07-03 22:40:37.283236
/aby.gif?,AVAILABILITY,origin.list,2021-07-03 22:40:40.552068
/ac-site-tracking-,AVAILABILITY,origin.list,2021-07-03 22:40:43.820721
/ac.fcgi?,AVAILABILITY,origin.list,2021-07-03 22:40:47.090910
/acbeacon2.,AVAILABILITY,origin.list,2021-07-03 22:40:50.361089
/accAnal.js,AVAILABILITY,origin.list,2021-07-03 22:40:53.632729
/AccessCounter/*,AVAILABILITY,origin.list,2021-07-03 22:40:56.904814
/accesslog?,AVAILABILITY,origin.list,2021-07-03 22:41:00.178004
/accesstracking/*,AVAILABILITY,origin.list,2021-07-03 22:41:03.445917
/AccessTrackingLogServlet?,AVAILABILITY,origin.list,2021-07-03 22:41:06.716238
/accip_script.js,AVAILABILITY,origin.list,2021-07-03 22:41:09.986521
/acclog.cgi?,AVAILABILITY,origin.list,2021-07-03 22:41:13.257221
/account-stats/*,AVAILABILITY,origin.list,2021-07-03 22:41:16.529198
/ace.*/?cookie,AVAILABILITY,origin.list,2021-07-03 22:41:19.800830
/acecounter/*,AVAILABILITY,origin.list,2021-07-03 22:41:23.069202
/acecounter_,AVAILABILITY,origin.list,2021-07-03 22:41:26.340819
/acfp.js,AVAILABILITY,origin.list,2021-07-03 22:41:29.614690
/acounter.php?,AVAILABILITY,origin.list,2021-07-03 22:41:32.886584
/act_pagetrack.,AVAILABILITY,origin.list,2021-07-03 22:41:36.157820
/action/analytics,AVAILABILITY,origin.list,2021-07-03 22:41:39.424981
/activetrackphp.php?,AVAILABILITY,origin.list,2021-07-03 22:41:42.693075
/activities/logger/*,AVAILABILITY,origin.list,2021-07-03 22:41:45.964941
/activity-track/?,AVAILABILITY,origin.list,2021-07-03 22:41:49.238168
/activity.gif?,AVAILABILITY,origin.list,2021-07-03 22:41:52.507547
/activity_log.,AVAILABILITY,origin.list,2021-07-03 22:41:55.776891
/activityloggingapi/*,AVAILABILITY,origin.list,2021-07-03 22:41:59.043667
/acv?camp=,AVAILABILITY,origin.list,2021-07-03 22:42:02.314892
/acv?extcmp=,AVAILABILITY,origin.list,2021-07-03 22:42:05.584519
/acv?utm_,AVAILABILITY,origin.list,2021-07-03 22:42:08.855099
/ad-blocker-stats.,AVAILABILITY,origin.list,2021-07-03 22:42:12.123452
/ad-iptracer.,AVAILABILITY,origin.list,2021-07-03 22:42:15.393000
/ad/no_cookie?,AVAILABILITY,origin.list,2021-07-03 22:42:18.665551
/AD/PageHits.,AVAILABILITY,origin.list,2021-07-03 22:42:21.937095
/ad/statistic,AVAILABILITY,origin.list,2021-07-03 22:42:25.209127
/ad_1_trans.,AVAILABILITY,origin.list,2021-07-03 22:42:28.477541
/ad_imp.,AVAILABILITY,origin.list,2021-07-03 22:42:31.747466
/ad_tracking.,AVAILABILITY,origin.list,2021-07-03 22:42:35.013508
/adam.js,AVAILABILITY,origin.list,2021-07-03 22:42:38.282186
/AdAppSettings/*,AVAILABILITY,origin.list,2021-07-03 22:42:41.553420
/adb-analytics,AVAILABILITY,origin.list,2021-07-03 22:42:44.825105
/adb/track.php?,AVAILABILITY,origin.list,2021-07-03 22:42:48.094833
/adb1.gif?,AVAILABILITY,origin.list,2021-07-03 22:42:51.365797
/adb_iub.js,AVAILABILITY,origin.list,2021-07-03 22:42:54.638607
/adblock_logging.,AVAILABILITY,origin.list,2021-07-03 22:42:57.911918
/AdBlockDetection/scriptForGA.,AVAILABILITY,origin.list,2021-07-03 22:43:01.185333
/AdCookies.js,AVAILABILITY,origin.list,2021-07-03 22:43:04.453747
/AdCount/*,AVAILABILITY,origin.list,2021-07-03 22:43:07.722112
/add_page_view?,AVAILABILITY,origin.list,2021-07-03 22:43:10.992352
/add_stats,AVAILABILITY,origin.list,2021-07-03 22:43:14.260763
/add_utm_links.,AVAILABILITY,origin.list,2021-07-03 22:43:17.533305
/addEvent?action=,AVAILABILITY,origin.list,2021-07-03 22:43:20.805586
/additional.php?res_width=$script,AVAILABILITY,origin.list,2021-07-03 22:43:24.073966
/addLinker.js,AVAILABILITY,origin.list,2021-07-03 22:43:27.347931
/addLinkerEvents-ga.,AVAILABILITY,origin.list,2021-07-03 22:43:30.619453
/addLinkerEvents-std.,AVAILABILITY,origin.list,2021-07-03 22:43:33.892061
/addLinkerEvents.js,AVAILABILITY,origin.list,2021-07-03 22:43:37.161430
/addlog/?,AVAILABILITY,origin.list,2021-07-03 22:43:40.430765
/addlogdetails.,AVAILABILITY,origin.list,2021-07-03 22:43:43.699299
/addon/analytics/*,AVAILABILITY,origin.list,2021-07-03 22:43:46.967838
/addpageview/*,AVAILABILITY,origin.list,2021-07-03 22:43:50.238274
/addrtlog/*,AVAILABILITY,origin.list,2021-07-03 22:43:53.509859
/adds/counter.js,AVAILABILITY,origin.list,2021-07-03 22:43:56.778730
/addstats?callback=,AVAILABILITY,origin.list,2021-07-03 22:44:00.049704
/addTrackingScripts.,AVAILABILITY,origin.list,2021-07-03 22:44:03.321787
/adform-tracking.,AVAILABILITY,origin.list,2021-07-03 22:44:06.593529
/adform_sync.,AVAILABILITY,origin.list,2021-07-03 22:44:09.865450
/adframestats|,AVAILABILITY,origin.list,2021-07-03 22:44:13.140932
/adimp?,AVAILABILITY,origin.list,2021-07-03 22:44:16.418369
/adimppixel/*,AVAILABILITY,origin.list,2021-07-03 22:44:19.686895
/adinfo?,AVAILABILITY,origin.list,2021-07-03 22:44:22.955480
/adinteraction/*,AVAILABILITY,origin.list,2021-07-03 22:44:26.225806
/adlog.,AVAILABILITY,origin.list,2021-07-03 22:44:29.497809
/adlogger.,AVAILABILITY,origin.list,2021-07-03 22:44:32.767300
/adlogger_,AVAILABILITY,origin.list,2021-07-03 22:44:36.038576
/adloggertracker.,AVAILABILITY,origin.list,2021-07-03 22:44:39.307398
/adlogue/*,AVAILABILITY,origin.list,2021-07-03 22:44:42.576009
/adm_tracking.js,AVAILABILITY,origin.list,2021-07-03 22:44:45.844749
/admantx-,AVAILABILITY,origin.list,2021-07-03 22:44:49.122715
/admantx.,AVAILABILITY,origin.list,2021-07-03 22:44:52.391383
/admantx/*,AVAILABILITY,origin.list,2021-07-03 22:44:55.719076
/admonitoring.,AVAILABILITY,origin.list,2021-07-03 22:44:58.990073
/admp-,AVAILABILITY,origin.list,2021-07-03 22:45:02.264971
/adobe-analytics.,AVAILABILITY,origin.list,2021-07-03 22:45:05.533894
/adobe-analytics/*,AVAILABILITY,origin.list,2021-07-03 22:45:08.807697
/adobe-prd/*,AVAILABILITY,origin.list,2021-07-03 22:45:12.076622
/adobe.visitor-,AVAILABILITY,origin.list,2021-07-03 22:45:15.350071
/adobe/app-measurement.,AVAILABILITY,origin.list,2021-07-03 22:45:18.620309
/adobe/AppMeasurement-,AVAILABILITY,origin.list,2021-07-03 22:45:21.891721
/adobe/VideoHeartbeat-,AVAILABILITY,origin.list,2021-07-03 22:45:25.161771
/adobe/visitor-,AVAILABILITY,origin.list,2021-07-03 22:45:28.435764
/adobe/VisitorAPI-,AVAILABILITY,origin.list,2021-07-03 22:45:31.705806
/adobeAnalytics/*,AVAILABILITY,origin.list,2021-07-03 22:45:34.975070
/AdobeAnalyticsAndTargetOverwrites.,AVAILABILITY,origin.list,2021-07-03 22:45:38.243964
/AdobeAnalyticsEvent.,AVAILABILITY,origin.list,2021-07-03 22:45:41.514568
/AdobeAnalyticsSDK.,AVAILABILITY,origin.list,2021-07-03 22:45:44.788296
/AdobeCustomVideoMeasurement.swf,AVAILABILITY,origin.list,2021-07-03 22:45:48.056665
/adobeMonitor.,AVAILABILITY,origin.list,2021-07-03 22:45:51.330592
/adonis_event/*,AVAILABILITY,origin.list,2021-07-03 22:45:54.601311
/adpixel.,AVAILABILITY,origin.list,2021-07-03 22:45:57.874047
/adplogger/*,AVAILABILITY,origin.list,2021-07-03 22:46:01.149740
/adpv/*,AVAILABILITY,origin.list,2021-07-03 22:46:04.421309
/adpv2/*,AVAILABILITY,origin.list,2021-07-03 22:46:07.691171
/adrum-,AVAILABILITY,origin.list,2021-07-03 22:46:10.968689
/adrum.,AVAILABILITY,origin.list,2021-07-03 22:46:14.239667
/adrum_,AVAILABILITY,origin.list,2021-07-03 22:46:17.513329
/ads/counter.,AVAILABILITY,origin.list,2021-07-03 22:46:20.786321
/ads/track.,AVAILABILITY,origin.list,2021-07-03 22:46:24.058981
/ads/track/*,AVAILABILITY,origin.list,2021-07-03 22:46:27.328624
/ads?cookie_,AVAILABILITY,origin.list,2021-07-03 22:46:30.601575
/ads_tracker.,AVAILABILITY,origin.list,2021-07-03 22:46:33.870702
/ads_tracking.,AVAILABILITY,origin.list,2021-07-03 22:46:37.144115
/adsct?,AVAILABILITY,origin.list,2021-07-03 22:46:40.418725
/adstat.,AVAILABILITY,origin.list,2021-07-03 22:46:43.690575
/adstatistics/*,AVAILABILITY,origin.list,2021-07-03 22:46:46.966744
/adstats.,AVAILABILITY,origin.list,2021-07-03 22:46:50.240107
/adstrack.,AVAILABILITY,origin.list,2021-07-03 22:46:53.512305
/adtctr.,AVAILABILITY,origin.list,2021-07-03 22:46:56.782552
/adtoniq-,AVAILABILITY,origin.list,2021-07-03 22:47:00.054374
/adtrk/*,AVAILABILITY,origin.list,2021-07-03 22:47:03.326601
/adv/tracking.,AVAILABILITY,origin.list,2021-07-03 22:47:06.599665
/adviewtrack.,AVAILABILITY,origin.list,2021-07-03 22:47:09.869417
/advstats/*,AVAILABILITY,origin.list,2021-07-03 22:47:13.139691
/adwords-conversion-tracking.,AVAILABILITY,origin.list,2021-07-03 22:47:16.416023
/adwords-tracker.,AVAILABILITY,origin.list,2021-07-03 22:47:19.686400
/adx/*.gifx?,AVAILABILITY,origin.list,2021-07-03 22:47:22.956162
/adx_remote.,AVAILABILITY,origin.list,2021-07-03 22:47:26.228880
/aegis_tracking.,AVAILABILITY,origin.list,2021-07-03 22:47:29.503198
/aff_i?offer_id=,AVAILABILITY,origin.list,2021-07-03 22:47:32.774486
/aff_land?referrer,AVAILABILITY,origin.list,2021-07-03 22:47:36.047066
/affil/tracker/*,AVAILABILITY,origin.list,2021-07-03 22:47:39.320611
/affiliate-track.,AVAILABILITY,origin.list,2021-07-03 22:47:42.596382
/affiliate-tracker.,AVAILABILITY,origin.list,2021-07-03 22:47:45.867926
/affiliate.1800flowers.,AVAILABILITY,origin.list,2021-07-03 22:47:49.138439
/affiliate.track?,AVAILABILITY,origin.list,2021-07-03 22:47:52.411374
/affiliate/track?,AVAILABILITY,origin.list,2021-07-03 22:47:55.682504
/AffiliateClick.,AVAILABILITY,origin.list,2021-07-03 22:47:58.954571
/affiliateTracking.,AVAILABILITY,origin.list,2021-07-03 22:48:02.226528
/affiliatetracking/*,AVAILABILITY,origin.list,2021-07-03 22:48:05.497021
/affilinetRetargeting.,AVAILABILITY,origin.list,2021-07-03 22:48:08.767109
/AffinoAudit/*,AVAILABILITY,origin.list,2021-07-03 22:48:12.038499
/affl.cgi?,AVAILABILITY,origin.list,2021-07-03 22:48:15.309584
/affs?affid=$script,AVAILABILITY,origin.list,2021-07-03 22:48:18.580591
/afftrack.,AVAILABILITY,origin.list,2021-07-03 22:48:21.855101
/afftracking.,AVAILABILITY,origin.list,2021-07-03 22:48:25.126725
/aflog.gif?,AVAILABILITY,origin.list,2021-07-03 22:48:28.402219
/afrpt.gif?,AVAILABILITY,origin.list,2021-07-03 22:48:31.675279
/aftrack.,AVAILABILITY,origin.list,2021-07-03 22:48:34.944026
/aftrackingplugin.swf,AVAILABILITY,origin.list,2021-07-03 22:48:38.217570
/aggbug.aspx?,AVAILABILITY,origin.list,2021-07-03 22:48:41.493956
/agof/iam-,AVAILABILITY,origin.list,2021-07-03 22:48:44.767012
/agwebtracking_,AVAILABILITY,origin.list,2021-07-03 22:48:48.039100
/ahoy/events,AVAILABILITY,origin.list,2021-07-03 22:48:51.309336
/ahoy/visits,AVAILABILITY,origin.list,2021-07-03 22:48:54.579065
/aicon_track.,AVAILABILITY,origin.list,2021-07-03 22:48:57.851184
/aimp.php?,AVAILABILITY,origin.list,2021-07-03 22:49:01.123459
/AIT_Analytics.,AVAILABILITY,origin.list,2021-07-03 22:49:04.395836
/ajax-hits-counter/*,AVAILABILITY,origin.list,2021-07-03 22:49:07.668653
/ajax-track-page-view/*,AVAILABILITY,origin.list,2021-07-03 22:49:10.943695
/ajax-track-view.,AVAILABILITY,origin.list,2021-07-03 22:49:14.215039
/ajax/analytics/*,AVAILABILITY,origin.list,2021-07-03 22:49:17.489708
/ajax/heatmap-,AVAILABILITY,origin.list,2021-07-03 22:49:20.757565
/ajax/log?,AVAILABILITY,origin.list,2021-07-03 22:49:24.035873
/ajax/stat/*,AVAILABILITY,origin.list,2021-07-03 22:49:27.306820
/ajax/track.php?,AVAILABILITY,origin.list,2021-07-03 22:49:30.580250
/ajax_store_analytics?,AVAILABILITY,origin.list,2021-07-03 22:49:33.852549
/ajax_video_counter.php?,AVAILABILITY,origin.list,2021-07-03 22:49:37.128657
/ajaxClicktrack.,AVAILABILITY,origin.list,2021-07-03 22:49:40.405061
/ajaxInit.gif?,AVAILABILITY,origin.list,2021-07-03 22:49:43.678963
/ajaxlog.txt?,AVAILABILITY,origin.list,2021-07-03 22:49:46.951638
/ajaxlog?,AVAILABILITY,origin.list,2021-07-03 22:49:50.224350
/ajaxLogger_tracking_,AVAILABILITY,origin.list,2021-07-03 22:49:53.499094
/ajaxservice.svc/registersession?session_id=,AVAILABILITY,origin.list,2021-07-03 22:49:56.771793
/ajaxstat/*,AVAILABILITY,origin.list,2021-07-03 22:50:00.045695
/ajaxtracker.,AVAILABILITY,origin.list,2021-07-03 22:50:03.317963
/ajx/ptrack/*,AVAILABILITY,origin.list,2021-07-03 22:50:06.590346
/akam/*/pixel_,AVAILABILITY,origin.list,2021-07-03 22:50:09.863313
/akam/10/*,AVAILABILITY,origin.list,2021-07-03 22:50:13.135482
/akam/11/*,AVAILABILITY,origin.list,2021-07-03 22:50:16.407475
/akamai/pixy.gif,AVAILABILITY,origin.list,2021-07-03 22:50:19.678226
/akamai_analytics_,AVAILABILITY,origin.list,2021-07-03 22:50:22.949662
/AkamaiAnalytics.,AVAILABILITY,origin.list,2021-07-03 22:50:26.222034
/AkamaiMediaAnalytics.,AVAILABILITY,origin.list,2021-07-03 22:50:29.492440
/AkamaiTrackingPixel.,AVAILABILITY,origin.list,2021-07-03 22:50:32.765212
/alexa.aspx?site=,AVAILABILITY,origin.list,2021-07-03 22:50:36.038119
/alllinksclicktracker.js,AVAILABILITY,origin.list,2021-07-03 22:50:39.309424
/alog.min.js,AVAILABILITY,origin.list,2021-07-03 22:50:42.585764
/alog/dp.,AVAILABILITY,origin.list,2021-07-03 22:50:45.857611
/altpracenje.js,AVAILABILITY,origin.list,2021-07-03 22:50:49.131492
/altpwk.js,AVAILABILITY,origin.list,2021-07-03 22:50:52.402151
/alvenda_remarketing_,AVAILABILITY,origin.list,2021-07-03 22:50:55.674021
/amazon-affiliate-,AVAILABILITY,origin.list,2021-07-03 22:50:58.947554
/amdhfp/a.do?param$image,AVAILABILITY,origin.list,2021-07-03 22:51:02.218065
/amdhfp/t.do?id$image,AVAILABILITY,origin.list,2021-07-03 22:51:05.491640
/amp-access/ping?,AVAILABILITY,origin.list,2021-07-03 22:51:08.765028
/amp-analytics-,AVAILABILITY,origin.list,2021-07-03 22:51:12.038837
/amp-analytics/*,AVAILABILITY,origin.list,2021-07-03 22:51:15.315249
/amp-geo-,AVAILABILITY,origin.list,2021-07-03 22:51:18.587486
/amp-omniture-iframe?,AVAILABILITY,origin.list,2021-07-03 22:51:21.860944
/amp.gif?,AVAILABILITY,origin.list,2021-07-03 22:51:25.135591
/amp/log.json,AVAILABILITY,origin.list,2021-07-03 22:51:28.408508
/amp/pingback?,AVAILABILITY,origin.list,2021-07-03 22:51:31.683896
/amp_ping/*,AVAILABILITY,origin.list,2021-07-03 22:51:34.954248
/amplitude-*.js$script,AVAILABILITY,origin.list,2021-07-03 22:51:38.227662
/ampmetrics.,AVAILABILITY,origin.list,2021-07-03 22:51:41.499620
/amptrack.,AVAILABILITY,origin.list,2021-07-03 22:51:44.771516
/amunglite.,AVAILABILITY,origin.list,2021-07-03 22:51:48.045928
/analiz.php3?,AVAILABILITY,origin.list,2021-07-03 22:51:51.320370
/AnalTrack.js,AVAILABILITY,origin.list,2021-07-03 22:51:54.589457
/analys/dep/*,AVAILABILITY,origin.list,2021-07-03 22:51:57.862265
/analyse.js,AVAILABILITY,origin.list,2021-07-03 22:52:01.136865
/analysis-logger/*,AVAILABILITY,origin.list,2021-07-03 22:52:04.408270
/analysis/ga_,AVAILABILITY,origin.list,2021-07-03 22:52:07.679847
/analysis/gtm_,AVAILABILITY,origin.list,2021-07-03 22:52:10.953893
/analysis?t=,AVAILABILITY,origin.list,2021-07-03 22:52:14.227653
/analytic-client.,AVAILABILITY,origin.list,2021-07-03 22:52:17.498638
/analytic/context?,AVAILABILITY,origin.list,2021-07-03 22:52:20.776012
/analytic/count.,AVAILABILITY,origin.list,2021-07-03 22:52:24.046824
/analytic/pageview,AVAILABILITY,origin.list,2021-07-03 22:52:27.320818
/analytic?publisher,AVAILABILITY,origin.list,2021-07-03 22:52:30.591629
/analytic_data_,AVAILABILITY,origin.list,2021-07-03 22:52:33.862786
/analyticReporting.,AVAILABILITY,origin.list,2021-07-03 22:52:37.135608
/analyticReportingAS3.$domain=~miniclip.com,AVAILABILITY,origin.list,2021-07-03 22:52:40.414007
/analytics-2.,AVAILABILITY,origin.list,2021-07-03 22:52:43.685236
/analytics-assets/*,AVAILABILITY,origin.list,2021-07-03 22:52:46.958911
/analytics-beacon-,AVAILABILITY,origin.list,2021-07-03 22:52:50.229739
/analytics-cdn.,AVAILABILITY,origin.list,2021-07-03 22:52:53.505807
/analytics-collector,AVAILABILITY,origin.list,2021-07-03 22:52:56.778263
/analytics-core-bundle-,AVAILABILITY,origin.list,2021-07-03 22:53:00.052001
/analytics-corp.js,AVAILABILITY,origin.list,2021-07-03 22:53:03.325652
/analytics-dotcom/*,AVAILABILITY,origin.list,2021-07-03 22:53:06.600188
/analytics-efukt.,AVAILABILITY,origin.list,2021-07-03 22:53:09.874289
/analytics-endpoint.,AVAILABILITY,origin.list,2021-07-03 22:53:13.148083
/analytics-event-,AVAILABILITY,origin.list,2021-07-03 22:53:16.418255
/analytics-event.,AVAILABILITY,origin.list,2021-07-03 22:53:19.692184
/analytics-events-,AVAILABILITY,origin.list,2021-07-03 22:53:22.964574
/analytics-facade.,AVAILABILITY,origin.list,2021-07-03 22:53:26.240271
/analytics-gcp.,AVAILABILITY,origin.list,2021-07-03 22:53:29.511858
/analytics-helper.,AVAILABILITY,origin.list,2021-07-03 22:53:32.786314
/analytics-ingestion/*,AVAILABILITY,origin.list,2021-07-03 22:53:36.055755
/analytics-ingress-,AVAILABILITY,origin.list,2021-07-03 22:53:39.328332
/analytics-js.,AVAILABILITY,origin.list,2021-07-03 22:53:42.603159
/analytics-js/*,AVAILABILITY,origin.list,2021-07-03 22:53:45.875977
/analytics-min.js,AVAILABILITY,origin.list,2021-07-03 22:53:49.150570
/analytics-ping.,AVAILABILITY,origin.list,2021-07-03 22:53:52.425280
/analytics-plugin/*,AVAILABILITY,origin.list,2021-07-03 22:53:55.702592
/analytics-post-,AVAILABILITY,origin.list,2021-07-03 22:53:58.976745
/analytics-pusher/*,AVAILABILITY,origin.list,2021-07-03 22:54:02.248346
/analytics-savebt?,AVAILABILITY,origin.list,2021-07-03 22:54:05.523275
/analytics-scripts.,AVAILABILITY,origin.list,2021-07-03 22:54:08.796367
/analytics-secure.,AVAILABILITY,origin.list,2021-07-03 22:54:12.068030
/analytics-sendEvent,AVAILABILITY,origin.list,2021-07-03 22:54:15.341652
/analytics-social.,AVAILABILITY,origin.list,2021-07-03 22:54:18.618237
/analytics-tag.,AVAILABILITY,origin.list,2021-07-03 22:54:21.893676
/analytics-tracker/*,AVAILABILITY,origin.list,2021-07-03 22:54:25.168477
/analytics-tracking.,AVAILABILITY,origin.list,2021-07-03 22:54:28.444468
/analytics-v1.,AVAILABILITY,origin.list,2021-07-03 22:54:31.720448
/analytics.*/event?,AVAILABILITY,origin.list,2021-07-03 22:54:34.993579
/analytics.*/ping/?,AVAILABILITY,origin.list,2021-07-03 22:54:38.269101
/analytics.ad.,AVAILABILITY,origin.list,2021-07-03 22:54:41.542830
/analytics.ashx,AVAILABILITY,origin.list,2021-07-03 22:54:44.814929
/analytics.asmx,AVAILABILITY,origin.list,2021-07-03 22:54:48.088753
/Analytics.aspx?,AVAILABILITY,origin.list,2021-07-03 22:54:51.365539
/analytics.bundled.js,AVAILABILITY,origin.list,2021-07-03 22:54:54.640591
/analytics.compressed.js,AVAILABILITY,origin.list,2021-07-03 22:54:57.913333
/analytics.config.js,AVAILABILITY,origin.list,2021-07-03 22:55:01.188422
/analytics.do,AVAILABILITY,origin.list,2021-07-03 22:55:04.464505
/analytics.gif?,AVAILABILITY,origin.list,2021-07-03 22:55:07.741542
/analytics.google.js,AVAILABILITY,origin.list,2021-07-03 22:55:11.013020
/analytics.html?,AVAILABILITY,origin.list,2021-07-03 22:55:14.283831
/analytics.init.js,AVAILABILITY,origin.list,2021-07-03 22:55:17.555620
/analytics.js/v1/*,AVAILABILITY,origin.list,2021-07-03 22:55:20.827531
/analytics.js?,AVAILABILITY,origin.list,2021-07-03 22:55:24.099182
/analytics.json?,AVAILABILITY,origin.list,2021-07-03 22:55:27.373402
/analytics.min.,AVAILABILITY,origin.list,2021-07-03 22:55:30.645031
/analytics.php.,AVAILABILITY,origin.list,2021-07-03 22:55:33.928035
/analytics.php?,AVAILABILITY,origin.list,2021-07-03 22:55:37.201292
/analytics.swf?,AVAILABILITY,origin.list,2021-07-03 22:55:40.475384
/analytics.v1.js,AVAILABILITY,origin.list,2021-07-03 22:55:43.745698
/analytics/*.gif?t=,AVAILABILITY,origin.list,2021-07-03 22:55:47.020406
/analytics/*satellitelib.js,AVAILABILITY,origin.list,2021-07-03 22:55:50.292000
/analytics/?*&url=,AVAILABILITY,origin.list,2021-07-03 22:55:53.560721
/analytics/?event,AVAILABILITY,origin.list,2021-07-03 22:55:56.836262
/analytics/abtest/*,AVAILABILITY,origin.list,2021-07-03 22:56:00.108893
/analytics/activity.,AVAILABILITY,origin.list,2021-07-03 22:56:03.381219
/analytics/adtags?,AVAILABILITY,origin.list,2021-07-03 22:56:06.656612
/analytics/analytics.$~xmlhttprequest,AVAILABILITY,origin.list,2021-07-03 22:56:09.928762
/analytics/beacons/*,AVAILABILITY,origin.list,2021-07-03 22:56:13.202924
/analytics/call-,AVAILABILITY,origin.list,2021-07-03 22:56:16.477203
/analytics/capture/*,AVAILABILITY,origin.list,2021-07-03 22:56:19.747104
/analytics/cms/*,AVAILABILITY,origin.list,2021-07-03 22:56:23.020760
/analytics/cnnvan/*,AVAILABILITY,origin.list,2021-07-03 22:56:26.293515
/analytics/collect?,AVAILABILITY,origin.list,2021-07-03 22:56:29.569183
/analytics/collect_,AVAILABILITY,origin.list,2021-07-03 22:56:32.841211
/analytics/collector.,AVAILABILITY,origin.list,2021-07-03 22:56:36.117761
/analytics/collector/*,AVAILABILITY,origin.list,2021-07-03 22:56:39.394300
/analytics/content?,AVAILABILITY,origin.list,2021-07-03 22:56:42.669399
/analytics/core.,AVAILABILITY,origin.list,2021-07-03 22:56:45.942259
/analytics/data-,AVAILABILITY,origin.list,2021-07-03 22:56:49.218812
/analytics/dealerfire/*,AVAILABILITY,origin.list,2021-07-03 22:56:52.492836
/analytics/dfa.,AVAILABILITY,origin.list,2021-07-03 22:56:55.765501
/analytics/dist/*,AVAILABILITY,origin.list,2021-07-03 22:56:59.041435
/analytics/eloqua/*,AVAILABILITY,origin.list,2021-07-03 22:57:02.311988
/analytics/embed/*,AVAILABILITY,origin.list,2021-07-03 22:57:05.587211
/analytics/engine/*,AVAILABILITY,origin.list,2021-07-03 22:57:08.862389
/analytics/event,AVAILABILITY,origin.list,2021-07-03 22:57:12.137291
/analytics/final.,AVAILABILITY,origin.list,2021-07-03 22:57:15.416960
/analytics/frame.,AVAILABILITY,origin.list,2021-07-03 22:57:18.689991
/analytics/ga.,AVAILABILITY,origin.list,2021-07-03 22:57:21.962930
/analytics/ga/*,AVAILABILITY,origin.list,2021-07-03 22:57:25.236591
/analytics/ga?,AVAILABILITY,origin.list,2021-07-03 22:57:28.513895
/analytics/gallup/*,AVAILABILITY,origin.list,2021-07-03 22:57:31.789268
/analytics/geoip/*,AVAILABILITY,origin.list,2021-07-03 22:57:35.064664
/Analytics/Google.,AVAILABILITY,origin.list,2021-07-03 22:57:38.343491
/analytics/google/*,AVAILABILITY,origin.list,2021-07-03 22:57:41.615765
/analytics/gw.,AVAILABILITY,origin.list,2021-07-03 22:57:44.890735
/analytics/hit,AVAILABILITY,origin.list,2021-07-03 22:57:48.163196
/analytics/hmac-,AVAILABILITY,origin.list,2021-07-03 22:57:51.437821
/analytics/idg_,AVAILABILITY,origin.list,2021-07-03 22:57:54.714072
/analytics/init.,AVAILABILITY,origin.list,2021-07-03 22:57:57.989461
/analytics/initSession,AVAILABILITY,origin.list,2021-07-03 22:58:01.266726
/analytics/js$script,AVAILABILITY,origin.list,2021-07-03 22:58:04.544870
/analytics/klaviyo_,AVAILABILITY,origin.list,2021-07-03 22:58:07.825348
/analytics/liferay-,AVAILABILITY,origin.list,2021-07-03 22:58:11.102628
/analytics/listeners/*,AVAILABILITY,origin.list,2021-07-03 22:58:14.378897
/analytics/logging,AVAILABILITY,origin.list,2021-07-03 22:58:17.654951
/analytics/mbox.js,AVAILABILITY,origin.list,2021-07-03 22:58:20.927930
/analytics/mbox_,AVAILABILITY,origin.list,2021-07-03 22:58:24.200778
/analytics/metric/*,AVAILABILITY,origin.list,2021-07-03 22:58:27.471719
/analytics/mouse_,AVAILABILITY,origin.list,2021-07-03 22:58:30.744951
/analytics/newrelic_,AVAILABILITY,origin.list,2021-07-03 22:58:34.018134
/analytics/onLoad/*,AVAILABILITY,origin.list,2021-07-03 22:58:37.289792
/analytics/p.gif?,AVAILABILITY,origin.list,2021-07-03 22:58:40.565915
/analytics/page/*,AVAILABILITY,origin.list,2021-07-03 22:58:43.843191
/analytics/page_view.,AVAILABILITY,origin.list,2021-07-03 22:58:47.117551
/analytics/pageview,AVAILABILITY,origin.list,2021-07-03 22:58:50.393431
/Analytics/Pdp/*,AVAILABILITY,origin.list,2021-07-03 22:58:53.669826
/analytics/ping^,AVAILABILITY,origin.list,2021-07-03 22:58:56.947211
/analytics/posts,AVAILABILITY,origin.list,2021-07-03 22:59:00.221871
/analytics/pv.gif?,AVAILABILITY,origin.list,2021-07-03 22:59:03.496123
/analytics/report/*,AVAILABILITY,origin.list,2021-07-03 22:59:06.770453
/analytics/script/*,AVAILABILITY,origin.list,2021-07-03 22:59:10.044983
/analytics/smarttag-,AVAILABILITY,origin.list,2021-07-03 22:59:13.321608
/analytics/socialTracking.js,AVAILABILITY,origin.list,2021-07-03 23:07:53.274687
/analytics/sockjs.,AVAILABILITY,origin.list,2021-07-03 23:07:56.548606
/analytics/tags,AVAILABILITY,origin.list,2021-07-03 23:07:59.820392
/analytics/tagx-,AVAILABILITY,origin.list,2021-07-03 23:08:03.095063
/analytics/tealium-,AVAILABILITY,origin.list,2021-07-03 23:08:06.366519
/analytics/timeme.,AVAILABILITY,origin.list,2021-07-03 23:08:09.636329
/analytics/timing,AVAILABILITY,origin.list,2021-07-03 23:08:12.906898
/analytics/tms_,AVAILABILITY,origin.list,2021-07-03 23:08:16.182451
/analytics/tools_,AVAILABILITY,origin.list,2021-07-03 23:08:19.457227
/analytics/track-,AVAILABILITY,origin.list,2021-07-03 23:08:22.729287
/analytics/track.,AVAILABILITY,origin.list,2021-07-03 23:08:26.002011
/analytics/track/*,AVAILABILITY,origin.list,2021-07-03 23:08:29.273210
/analytics/track?,AVAILABILITY,origin.list,2021-07-03 23:08:32.543799
/analytics/track_,AVAILABILITY,origin.list,2021-07-03 23:08:35.814471
/analytics/tracker.,AVAILABILITY,origin.list,2021-07-03 23:08:39.085655
/analytics/trackers?,AVAILABILITY,origin.list,2021-07-03 23:08:42.355492
/analytics/trackevent,AVAILABILITY,origin.list,2021-07-03 23:08:45.626622
/Analytics/Tracking.,AVAILABILITY,origin.list,2021-07-03 23:08:48.896851
/analytics/tracking/*,AVAILABILITY,origin.list,2021-07-03 23:08:52.169383
/analytics/track|,AVAILABILITY,origin.list,2021-07-03 23:08:55.440347
/Analytics/UniqueEndUser?,AVAILABILITY,origin.list,2021-07-03 23:08:58.716996
/analytics/urlTracker.,AVAILABILITY,origin.list,2021-07-03 23:09:01.989033
/analytics/v1/*$domain=~my.leadpages.net|~userzoom.com,AVAILABILITY,origin.list,2021-07-03 23:09:05.265230
/analytics/video_$domain=~twitch.tv,AVAILABILITY,origin.list,2021-07-03 23:09:08.536478
/analytics/visit/*,AVAILABILITY,origin.list,2021-07-03 23:09:11.809921
/Analytics/Visitor.,AVAILABILITY,origin.list,2021-07-03 23:09:15.081632
/analytics/web/*,AVAILABILITY,origin.list,2021-07-03 23:09:18.354778
/analytics/yell-,AVAILABILITY,origin.list,2021-07-03 23:09:21.629871
/analytics3.,AVAILABILITY,origin.list,2021-07-03 23:09:24.901659
/analytics?body=,AVAILABILITY,origin.list,2021-07-03 23:09:28.172975
/analytics?http_referer,AVAILABILITY,origin.list,2021-07-03 23:09:31.445213
/analytics?token=,AVAILABILITY,origin.list,2021-07-03 23:09:34.716674
/analytics?url=,AVAILABILITY,origin.list,2021-07-03 23:09:37.987927
/analytics_embed.,AVAILABILITY,origin.list,2021-07-03 23:09:41.259621
/analytics_frame.,AVAILABILITY,origin.list,2021-07-03 23:09:44.530414
/analytics_functions.,AVAILABILITY,origin.list,2021-07-03 23:09:47.806685
/analytics_id.,AVAILABILITY,origin.list,2021-07-03 23:09:51.078524
/analytics_js/*,AVAILABILITY,origin.list,2021-07-03 23:09:54.354493
/analytics_min.,AVAILABILITY,origin.list,2021-07-03 23:09:57.631322
/analytics_ping.,AVAILABILITY,origin.list,2021-07-03 23:10:00.906549
/analytics_prod.,AVAILABILITY,origin.list,2021-07-03 23:10:04.177346
/analytics_push.,AVAILABILITY,origin.list,2021-07-03 23:10:07.449365
/analytics_tag.,AVAILABILITY,origin.list,2021-07-03 23:10:10.719910
/analytics_tracker,AVAILABILITY,origin.list,2021-07-03 23:10:13.990698
/analytics_v2.js,AVAILABILITY,origin.list,2021-07-03 23:10:17.262149
/analytics_wbc.,AVAILABILITY,origin.list,2021-07-03 23:10:20.534132
/analytics_www.,AVAILABILITY,origin.list,2021-07-03 23:10:23.810501
/AnalyticsDataLayer.,AVAILABILITY,origin.list,2021-07-03 23:10:27.097893
/AnalyticsEvent.,AVAILABILITY,origin.list,2021-07-03 23:10:30.370284
/analyticsfeed.ashx?,AVAILABILITY,origin.list,2021-07-03 23:10:33.646128
/analyticsFooter.,AVAILABILITY,origin.list,2021-07-03 23:10:36.918611
/analyticsid.,AVAILABILITY,origin.list,2021-07-03 23:10:40.186875
/analyticsjs.,AVAILABILITY,origin.list,2021-07-03 23:10:43.457597
/analyticsjs/*,AVAILABILITY,origin.list,2021-07-03 23:10:46.728819
/analyticsmediator.,AVAILABILITY,origin.list,2021-07-03 23:10:49.997911
/AnalyticsOnDemand/*,AVAILABILITY,origin.list,2021-07-03 23:10:53.269963
/analyticsscript_,AVAILABILITY,origin.list,2021-07-03 23:10:56.541319
/analyticssdk.js,AVAILABILITY,origin.list,2021-07-03 23:10:59.814581
/analyticstick.,AVAILABILITY,origin.list,2021-07-03 23:11:03.087894
/analyticstrack.,AVAILABILITY,origin.list,2021-07-03 23:11:06.360736
/analyticstracking.,AVAILABILITY,origin.list,2021-07-03 23:11:09.634535
/analyticstracking?,AVAILABILITY,origin.list,2021-07-03 23:11:12.905956
/analyticstracking_,AVAILABILITY,origin.list,2021-07-03 23:11:16.176497
/analyticstrain-,AVAILABILITY,origin.list,2021-07-03 23:11:19.452423
/analyticsUnitaire?,AVAILABILITY,origin.list,2021-07-03 23:11:22.725258
/analyticsUrlToDataMappings.,AVAILABILITY,origin.list,2021-07-03 23:11:25.997470
/analytix/events,AVAILABILITY,origin.list,2021-07-03 23:11:29.270619
/analyze.js^,AVAILABILITY,origin.list,2021-07-03 23:11:32.546974
/analyzer.gif?,AVAILABILITY,origin.list,2021-07-03 23:11:35.819335
/analyzer2.,AVAILABILITY,origin.list,2021-07-03 23:11:39.091489
/anametrix.js,AVAILABILITY,origin.list,2021-07-03 23:11:42.365693
/anametrix/*,AVAILABILITY,origin.list,2021-07-03 23:11:45.636887
/anametrix_tag.js,AVAILABILITY,origin.list,2021-07-03 23:11:48.909710
/anapixel.,AVAILABILITY,origin.list,2021-07-03 23:11:52.181014
/ancAdTrack.js,AVAILABILITY,origin.list,2021-07-03 23:11:55.453517
/angular-tag.,AVAILABILITY,origin.list,2021-07-03 23:11:58.727436
/angular-tag_,AVAILABILITY,origin.list,2021-07-03 23:12:02.001986
/angularlytics.,AVAILABILITY,origin.list,2021-07-03 23:12:05.273619
/angularytics.,AVAILABILITY,origin.list,2021-07-03 23:12:08.544913
/angularytics/*,AVAILABILITY,origin.list,2021-07-03 23:12:11.817067
/any/*.gif?,AVAILABILITY,origin.list,2021-07-03 23:12:15.088805
/anycent_tracker_,AVAILABILITY,origin.list,2021-07-03 23:12:18.359955
/api-analytics.,AVAILABILITY,origin.list,2021-07-03 23:12:21.633975
/api/0/stats,AVAILABILITY,origin.list,2021-07-03 23:12:24.905206
/api/analytics/*,AVAILABILITY,origin.list,2021-07-03 23:12:28.176175
/api/analytics?,AVAILABILITY,origin.list,2021-07-03 23:12:31.448424
/api/analytics|,AVAILABILITY,origin.list,2021-07-03 23:12:34.721024
/api/cmp_tracker,AVAILABILITY,origin.list,2021-07-03 23:12:37.993798
/api/log?,AVAILABILITY,origin.list,2021-07-03 23:12:41.266650
/api/lt/ref?,AVAILABILITY,origin.list,2021-07-03 23:12:44.538211
/api/metrics$other,AVAILABILITY,origin.list,2021-07-03 23:12:47.810300
/api/pageview?,AVAILABILITY,origin.list,2021-07-03 23:12:51.082404
/api/ping/*,AVAILABILITY,origin.list,2021-07-03 23:12:54.355246
/api/pixel?,AVAILABILITY,origin.list,2021-07-03 23:12:57.630184
/api/stat?,AVAILABILITY,origin.list,2021-07-03 23:13:00.901969
/api/statz,AVAILABILITY,origin.list,2021-07-03 23:13:04.174780
/api/tracing?,AVAILABILITY,origin.list,2021-07-03 23:13:07.447760
/api/tracking/*,AVAILABILITY,origin.list,2021-07-03 23:13:10.722679
/api/v1/collector,AVAILABILITY,origin.list,2021-07-03 23:13:13.994330
/api/v1/metrics,AVAILABILITY,origin.list,2021-07-03 23:13:17.268379
/api/v1/pixel?,AVAILABILITY,origin.list,2021-07-03 23:13:20.539916
/api/v1/stat?,AVAILABILITY,origin.list,2021-07-03 23:13:23.811303
/api/v1/streamtelemetry,AVAILABILITY,origin.list,2021-07-03 23:13:27.086328
/api/v1/track/*,AVAILABILITY,origin.list,2021-07-03 23:13:30.361294
/api/v2/collector,AVAILABILITY,origin.list,2021-07-03 23:13:33.635313
/api/v2/jsonlogger,AVAILABILITY,origin.list,2021-07-03 23:13:36.909339
/api/x.gif?,AVAILABILITY,origin.list,2021-07-03 23:13:40.182256
/apilog?,AVAILABILITY,origin.list,2021-07-03 23:13:43.453880
/apis/cpt.php?,AVAILABILITY,origin.list,2021-07-03 23:13:46.725337
/apitracking.,AVAILABILITY,origin.list,2021-07-03 23:13:49.998066
/apixel?,AVAILABILITY,origin.list,2021-07-03 23:13:53.269728
/app-measurement?,AVAILABILITY,origin.list,2021-07-03 23:13:56.540008
/app/tracking/*,AVAILABILITY,origin.list,2021-07-03 23:13:59.816567
/app/tracking_,AVAILABILITY,origin.list,2021-07-03 23:14:03.091330
/appendOmnitureTracking.,AVAILABILITY,origin.list,2021-07-03 23:14:06.363679
/appGoogleAnalytics-,AVAILABILITY,origin.list,2021-07-03 23:14:09.635336
/appGoogleTagManager-,AVAILABILITY,origin.list,2021-07-03 23:14:12.906743
/appier-track-,AVAILABILITY,origin.list,2021-07-03 23:14:16.178242
/AppMeasurement.js,AVAILABILITY,origin.list,2021-07-03 23:14:19.455048
/AppMeasurement2.js,AVAILABILITY,origin.list,2021-07-03 23:14:22.727987
/AppMeasurementCustom.,AVAILABILITY,origin.list,2021-07-03 23:14:25.998461
/apTracker.,AVAILABILITY,origin.list,2021-07-03 23:14:29.274105
/aptrk.js,AVAILABILITY,origin.list,2021-07-03 23:14:32.547652
/aqtag.,AVAILABILITY,origin.list,2021-07-03 23:14:35.821745
/ard.png?,AVAILABILITY,origin.list,2021-07-03 23:14:39.094750
/argtk.min.,AVAILABILITY,origin.list,2021-07-03 23:14:42.370484
/aria-web-telemetry-,AVAILABILITY,origin.list,2021-07-03 23:14:45.642030
/arms-datacollectorjs/*,AVAILABILITY,origin.list,2021-07-03 23:14:48.915011
/arstat?,AVAILABILITY,origin.list,2021-07-03 23:14:52.190212
/art/stats/*,AVAILABILITY,origin.list,2021-07-03 23:14:55.462489
/article-analytics.,AVAILABILITY,origin.list,2021-07-03 23:14:58.735228
/article-tracking.js,AVAILABILITY,origin.list,2021-07-03 23:15:02.010980
/Article/ViewCount/*,AVAILABILITY,origin.list,2021-07-03 23:15:05.286735
/article_counter.php?,AVAILABILITY,origin.list,2021-07-03 23:15:08.562714
/article_hit.php?,AVAILABILITY,origin.list,2021-07-03 23:15:11.836337
/ArticleCounterLogger.,AVAILABILITY,origin.list,2021-07-03 23:15:15.109641
/ArticleLog.aspx?,AVAILABILITY,origin.list,2021-07-03 23:15:18.382594
/articleOmnitureTracking.,AVAILABILITY,origin.list,2021-07-03 23:15:21.655543
/ArticleViewTracking/*,AVAILABILITY,origin.list,2021-07-03 23:15:24.927518
/asdf/tracking-,AVAILABILITY,origin.list,2021-07-03 23:15:28.200584
/asknet_tracking.,AVAILABILITY,origin.list,2021-07-03 23:15:31.472871
/aslog.php?,AVAILABILITY,origin.list,2021-07-03 23:15:34.744839
/aspenanalytics.,AVAILABILITY,origin.list,2021-07-03 23:15:38.017509
/aspstats/index.asp?,AVAILABILITY,origin.list,2021-07-03 23:15:41.292037
/assets/analytics-,AVAILABILITY,origin.list,2021-07-03 23:15:44.565032
/assets/analytics.,AVAILABILITY,origin.list,2021-07-03 23:15:47.839020
/assets/analytics:,AVAILABILITY,origin.list,2021-07-03 23:15:51.111207
/assets/beacons.js,AVAILABILITY,origin.list,2021-07-03 23:15:54.383273
/assets/ga.js,AVAILABILITY,origin.list,2021-07-03 23:15:57.659211
/assets/tracking-,AVAILABILITY,origin.list,2021-07-03 23:16:00.931241
/assets/uts/*,AVAILABILITY,origin.list,2021-07-03 23:16:04.203724
/assign.gif?,AVAILABILITY,origin.list,2021-07-03 23:16:07.475974
/assignments/impressions,AVAILABILITY,origin.list,2021-07-03 23:16:10.748885
/AssyncCSStats.aspx,AVAILABILITY,origin.list,2021-07-03 23:16:14.021793
/astrack.js,AVAILABILITY,origin.list,2021-07-03 23:16:17.290994
/astracker.,AVAILABILITY,origin.list,2021-07-03 23:16:20.563220
/astracker/*,AVAILABILITY,origin.list,2021-07-03 23:16:23.833845
/async/stat|,AVAILABILITY,origin.list,2021-07-03 23:16:27.109878
/asyncggtracking.,AVAILABILITY,origin.list,2021-07-03 23:16:30.381865
/at.gif?,AVAILABILITY,origin.list,2021-07-03 23:16:33.655238
/atapixel.js,AVAILABILITY,origin.list,2021-07-03 23:16:36.932544
/atatus.js,AVAILABILITY,origin.list,2021-07-03 23:16:40.209307
/athena.gif?,AVAILABILITY,origin.list,2021-07-03 23:16:43.481345
/athenastgbeacon.,AVAILABILITY,origin.list,2021-07-03 23:16:46.754525
/atlas_track.,AVAILABILITY,origin.list,2021-07-03 23:16:50.031853
/atr_events_,AVAILABILITY,origin.list,2021-07-03 23:16:53.305507
/atrk.gif?,AVAILABILITY,origin.list,2021-07-03 23:16:56.579889
/atrk.js,AVAILABILITY,origin.list,2021-07-03 23:16:59.850331
/ats/lib/*,AVAILABILITY,origin.list,2021-07-03 23:17:03.128497
/atslib.,AVAILABILITY,origin.list,2021-07-03 23:17:06.400912
/audience-extraction.js,AVAILABILITY,origin.list,2021-07-03 23:17:09.677262
/audience-meter.,AVAILABILITY,origin.list,2021-07-03 23:17:12.949482
/audience-science.,AVAILABILITY,origin.list,2021-07-03 23:17:16.221453
/audience.gif?,AVAILABILITY,origin.list,2021-07-03 23:17:19.495076
/audience.min.js,AVAILABILITY,origin.list,2021-07-03 23:17:22.767577
/audience_science-,AVAILABILITY,origin.list,2021-07-03 23:17:26.040462
/audience_science.,AVAILABILITY,origin.list,2021-07-03 23:17:29.313182
/audience_science_,AVAILABILITY,origin.list,2021-07-03 23:17:32.587610
/audienceScience.,AVAILABILITY,origin.list,2021-07-03 23:17:35.863221
/audiweb.js,AVAILABILITY,origin.list,2021-07-03 23:17:39.136509
/audsci.js,AVAILABILITY,origin.list,2021-07-03 23:17:42.412297
/autotag.,AVAILABILITY,origin.list,2021-07-03 23:17:45.685384
/autotrack-with-autotrack-analytics.,AVAILABILITY,origin.list,2021-07-03 23:17:48.958976
/autotrack.carbon.js,AVAILABILITY,origin.list,2021-07-03 23:17:52.235345
/autotrack.custom.js,AVAILABILITY,origin.list,2021-07-03 23:17:55.511013
/autotrack.custom.min.js,AVAILABILITY,origin.list,2021-07-03 23:17:58.782881
/autotrack.js,AVAILABILITY,origin.list,2021-07-03 23:18:02.060905
/autotrack.min.js,AVAILABILITY,origin.list,2021-07-03 23:18:05.335604
/AutoTracker.js,AVAILABILITY,origin.list,2021-07-03 23:18:08.611454
/aux/collect?,AVAILABILITY,origin.list,2021-07-03 23:18:11.886953
/avant_sfpc_,AVAILABILITY,origin.list,2021-07-03 23:18:15.161365
/avantlink/*$third-party,AVAILABILITY,origin.list,2021-07-03 23:18:18.434052
/avmws_*.js,AVAILABILITY,origin.list,2021-07-03 23:18:21.707849
/avtstats.,AVAILABILITY,origin.list,2021-07-03 23:18:24.983832
/aw-tracker.,AVAILABILITY,origin.list,2021-07-03 23:18:28.260142
/awAnalytics.,AVAILABILITY,origin.list,2021-07-03 23:18:31.535499
/awe/ccs.,AVAILABILITY,origin.list,2021-07-03 23:18:34.846678
/awesc.php?,AVAILABILITY,origin.list,2021-07-03 23:18:38.128012
/awp.log,AVAILABILITY,origin.list,2021-07-03 23:18:41.401078
/awpys.log,AVAILABILITY,origin.list,2021-07-03 23:18:44.673590
/aws-analytics.js,AVAILABILITY,origin.list,2021-07-03 23:18:47.948612
/awstats.js,AVAILABILITY,origin.list,2021-07-03 23:18:51.221724
/awstats_misc_tracker,AVAILABILITY,origin.list,2021-07-03 23:18:54.496165
/azion-pulse.js,AVAILABILITY,origin.list,2021-07-03 23:18:57.769942
/aztrack.,AVAILABILITY,origin.list,2021-07-03 23:19:01.041913
/aztracker.,AVAILABILITY,origin.list,2021-07-03 23:19:04.315975
/azure-perfops.,AVAILABILITY,origin.list,2021-07-03 23:19:07.588621
/b/s/beacon,AVAILABILITY,origin.list,2021-07-03 23:19:10.863654
/b/ss/*&aqe=,AVAILABILITY,origin.list,2021-07-03 23:19:14.140150
/b/ss/*&ce=iso-8859-1&,AVAILABILITY,origin.list,2021-07-03 23:19:17.412546
/b/ss/*&ce=utf-8&,AVAILABILITY,origin.list,2021-07-03 23:19:20.686160
/b/ss/*&events=,AVAILABILITY,origin.list,2021-07-03 23:19:23.960884
/b/ss/*&ndh=,AVAILABILITY,origin.list,2021-07-03 23:19:27.234074
/b/ss/*&pagename=,AVAILABILITY,origin.list,2021-07-03 23:19:30.507723
/b/ss/*/h.17--wap?c20=,AVAILABILITY,origin.list,2021-07-03 23:19:33.781474
/b/ss/*/JS-,AVAILABILITY,origin.list,2021-07-03 23:19:37.057081
/b/ss/*=event36&,AVAILABILITY,origin.list,2021-07-03 23:19:40.332733
/b/ss/*=referrers&,AVAILABILITY,origin.list,2021-07-03 23:19:43.605511
/b/ss/*?aqb=1&pccr=,AVAILABILITY,origin.list,2021-07-03 23:19:46.878277
/b/ss/*?gn=mobile:,AVAILABILITY,origin.list,2021-07-03 23:19:50.151825
/b/ss/*?pagename=,AVAILABILITY,origin.list,2021-07-03 23:19:53.424985
/b/ss/ueglobaldev/*,AVAILABILITY,origin.list,2021-07-03 23:19:56.697798
"/b/ss/wdgdolad,",AVAILABILITY,origin.list,2021-07-03 23:19:59.972123
/b/ss?AQB=,AVAILABILITY,origin.list,2021-07-03 23:20:03.246012
/b/stats?,AVAILABILITY,origin.list,2021-07-03 23:20:06.520114
/b2bsdc.js,AVAILABILITY,origin.list,2021-07-03 23:20:09.793811
/b_track_2.,AVAILABILITY,origin.list,2021-07-03 23:20:13.067968
/backlink.php?,AVAILABILITY,origin.list,2021-07-03 23:20:16.343364
/backlink2.,AVAILABILITY,origin.list,2021-07-03 23:20:19.617929
/baiduStatistics.js,AVAILABILITY,origin.list,2021-07-03 23:20:22.892976
/BALinkImpressionTracking/*,AVAILABILITY,origin.list,2021-07-03 23:20:26.168128
/banner-tracker.,AVAILABILITY,origin.list,2021-07-03 23:20:29.444132
/banner.stats?,AVAILABILITY,origin.list,2021-07-03 23:20:32.717785
/banners-stat.,AVAILABILITY,origin.list,2021-07-03 23:20:35.992382
/basesdc.js,AVAILABILITY,origin.list,2021-07-03 23:20:39.266086
/basicMetricsTracking.,AVAILABILITY,origin.list,2021-07-03 23:20:42.540496
/basilic.php,AVAILABILITY,origin.list,2021-07-03 23:20:45.814985
/batch.gif?,AVAILABILITY,origin.list,2021-07-03 23:20:49.093192
/baynote-$script,AVAILABILITY,origin.list,2021-07-03 23:20:52.368113
/baynote.,AVAILABILITY,origin.list,2021-07-03 23:20:55.644366
/baynote/*,AVAILABILITY,origin.list,2021-07-03 23:20:58.917770
/baynote3.,AVAILABILITY,origin.list,2021-07-03 23:21:02.188774
/baynote80.,AVAILABILITY,origin.list,2021-07-03 23:21:05.463491
/baynote_,AVAILABILITY,origin.list,2021-07-03 23:21:08.742008
/baynoteobserver/*,AVAILABILITY,origin.list,2021-07-03 23:21:12.015463
/bc-track.,AVAILABILITY,origin.list,2021-07-03 23:21:15.290242
/bc/clk?,AVAILABILITY,origin.list,2021-07-03 23:21:18.568336
/bcbot-nomin.js,AVAILABILITY,origin.list,2021-07-03 23:21:21.845768
/bcn.gif?,AVAILABILITY,origin.list,2021-07-03 23:21:25.122274
/bcn/b.gif?,AVAILABILITY,origin.list,2021-07-03 23:21:28.396201
/bcn?,AVAILABILITY,origin.list,2021-07-03 23:21:31.670661
/bcsensor.js,AVAILABILITY,origin.list,2021-07-03 23:21:34.947034
/bctrackers/*,AVAILABILITY,origin.list,2021-07-03 23:21:38.221260
/bdanalytics.,AVAILABILITY,origin.list,2021-07-03 23:21:41.495374
/bdash_log.,AVAILABILITY,origin.list,2021-07-03 23:21:44.774198
/bdg-analytics.,AVAILABILITY,origin.list,2021-07-03 23:21:48.047903
/bdg.gif?,AVAILABILITY,origin.list,2021-07-03 23:21:51.322383
/beacon-cookie.,AVAILABILITY,origin.list,2021-07-03 23:21:54.596493
/beacon.cgi?,AVAILABILITY,origin.list,2021-07-03 23:21:57.869780
/beacon.gif?,AVAILABILITY,origin.list,2021-07-03 23:22:01.145125
/beacon.html?,AVAILABILITY,origin.list,2021-07-03 23:22:04.418657
/beacon.js,AVAILABILITY,origin.list,2021-07-03 23:22:07.691916
/beacon.min.js,AVAILABILITY,origin.list,2021-07-03 23:22:10.966012
/beacon/affiliates,AVAILABILITY,origin.list,2021-07-03 23:22:14.239542
/beacon/b.ashx?,AVAILABILITY,origin.list,2021-07-03 23:22:17.514687
/beacon/baminsights.,AVAILABILITY,origin.list,2021-07-03 23:22:20.788670
/beacon/collector/*,AVAILABILITY,origin.list,2021-07-03 23:22:24.064977
/beacon/cpcookie.,AVAILABILITY,origin.list,2021-07-03 23:22:27.339193
/beacon/event/*,AVAILABILITY,origin.list,2021-07-03 23:22:30.616744
/beacon/event?,AVAILABILITY,origin.list,2021-07-03 23:22:33.892102
/beacon/get/*,AVAILABILITY,origin.list,2021-07-03 23:22:37.165564
/beacon/metrics,AVAILABILITY,origin.list,2021-07-03 23:22:40.440338
/beacon/perf,AVAILABILITY,origin.list,2021-07-03 23:22:43.715303
/beacon/performance?,AVAILABILITY,origin.list,2021-07-03 23:22:46.989171
/beacon/portal-lite?,AVAILABILITY,origin.list,2021-07-03 23:22:50.264352
/beacon/stats,AVAILABILITY,origin.list,2021-07-03 23:22:53.540090
/beacon/timing?,AVAILABILITY,origin.list,2021-07-03 23:22:56.814260
/beacon/track/*,AVAILABILITY,origin.list,2021-07-03 23:23:00.089277
/beacon/user-data,AVAILABILITY,origin.list,2021-07-03 23:23:03.364918
/beacon/vtn_loader.gif?,AVAILABILITY,origin.list,2021-07-03 23:23:06.640421
/beacon?,AVAILABILITY,origin.list,2021-07-03 23:23:09.917452
/beacon_async.,AVAILABILITY,origin.list,2021-07-03 23:23:13.189113
/beacon_img?,AVAILABILITY,origin.list,2021-07-03 23:23:16.465111
/beaconconfigs/*,AVAILABILITY,origin.list,2021-07-03 23:23:19.738600
/beaconimg.php?,AVAILABILITY,origin.list,2021-07-03 23:23:23.014442
/beacons-external.,AVAILABILITY,origin.list,2021-07-03 23:23:26.288636
/beacons?data=,AVAILABILITY,origin.list,2021-07-03 23:23:29.563429
/behavior/web/pv?,AVAILABILITY,origin.list,2021-07-03 23:23:32.837649
/BehaviourCaptureHandler.,AVAILABILITY,origin.list,2021-07-03 23:23:36.115004
/benchmarketingsmarttag/*,AVAILABILITY,origin.list,2021-07-03 23:23:39.389873
/betamax_tracker.gif?,AVAILABILITY,origin.list,2021-07-03 23:23:42.669381
/betamax_tracker.js,AVAILABILITY,origin.list,2021-07-03 23:23:45.944140
/better-analytics/*,AVAILABILITY,origin.list,2021-07-03 23:23:49.218373
/bf.gif?ac=,AVAILABILITY,origin.list,2021-07-03 23:23:52.492196
/bfs-track.,AVAILABILITY,origin.list,2021-07-03 23:23:55.767235
/bg_j.gif?,AVAILABILITY,origin.list,2021-07-03 23:23:59.041791
/bglog.gif?,AVAILABILITY,origin.list,2021-07-03 23:24:02.316392
/bh_counter.js,AVAILABILITY,origin.list,2021-07-03 23:24:05.591305
/bi.tracking/*,AVAILABILITY,origin.list,2021-07-03 23:24:08.868876
/bicomscore.,AVAILABILITY,origin.list,2021-07-03 23:24:12.144626
/bicomscore_,AVAILABILITY,origin.list,2021-07-03 23:24:15.419896
/biddr-analytics.,AVAILABILITY,origin.list,2021-07-03 23:24:18.695608
/bidiq.,AVAILABILITY,origin.list,2021-07-03 23:24:21.972636
/bin/reff.php,AVAILABILITY,origin.list,2021-07-03 23:24:25.246582
/bin/stats?,AVAILABILITY,origin.list,2021-07-03 23:24:28.521006
/bing-bat.js,AVAILABILITY,origin.list,2021-07-03 23:24:31.797198
/bipixel/*,AVAILABILITY,origin.list,2021-07-03 23:24:35.072902
/bitrix/spread.php?,AVAILABILITY,origin.list,2021-07-03 23:24:38.348588
/biyfn/notify.,AVAILABILITY,origin.list,2021-07-03 23:24:41.623566
/bizo.js,AVAILABILITY,origin.list,2021-07-03 23:24:44.898647
/bk-coretag.js,AVAILABILITY,origin.list,2021-07-03 23:24:48.173984
/bkclick?,AVAILABILITY,origin.list,2021-07-03 23:24:51.448318
/BKVTrack.js,AVAILABILITY,origin.list,2021-07-03 23:24:54.724183
/blank.gif?*%,AVAILABILITY,origin.list,2021-07-03 23:24:57.999465
/blank.gif?*&,AVAILABILITY,origin.list,2021-07-03 23:25:01.272644
/block/pixel?,AVAILABILITY,origin.list,2021-07-03 23:25:04.546237
/blockstat?,AVAILABILITY,origin.list,2021-07-03 23:25:07.820498
/blog/traffic/?,AVAILABILITY,origin.list,2021-07-03 23:25:11.095888
/blogcounter.js,AVAILABILITY,origin.list,2021-07-03 23:25:14.370858
/blogcu-analytics.js,AVAILABILITY,origin.list,2021-07-03 23:25:17.646956
/blogsectiontracking.,AVAILABILITY,origin.list,2021-07-03 23:25:20.922602
/blogtotal_stats_,AVAILABILITY,origin.list,2021-07-03 23:25:24.197029
/bluekai.,AVAILABILITY,origin.list,2021-07-03 23:25:27.473005
/bluekai/*,AVAILABILITY,origin.list,2021-07-03 23:25:30.749633
/blueKaiAnalytics.,AVAILABILITY,origin.list,2021-07-03 23:25:34.023954
/bluekaicookieinfo.,AVAILABILITY,origin.list,2021-07-03 23:25:37.300362
/BlueKaiPixel/*,AVAILABILITY,origin.list,2021-07-03 23:25:40.577807
/bluetracker.,AVAILABILITY,origin.list,2021-07-03 23:25:43.852501
/bluetracker/*,AVAILABILITY,origin.list,2021-07-03 23:25:47.128577
/bm-analytics-trk.js,AVAILABILITY,origin.list,2021-07-03 23:25:50.404484
/bm-analytics/*,AVAILABILITY,origin.list,2021-07-03 23:25:53.687858
/bm-bam-trk.,AVAILABILITY,origin.list,2021-07-03 23:25:56.960549
/bms-analytics.,AVAILABILITY,origin.list,2021-07-03 23:26:00.238787
/bn/tracker/*,AVAILABILITY,origin.list,2021-07-03 23:26:03.513445
/bnTracker.js?,AVAILABILITY,origin.list,2021-07-03 23:26:06.789713
/bnTracker/*,AVAILABILITY,origin.list,2021-07-03 23:26:10.070127
/bom/analytics/*,AVAILABILITY,origin.list,2021-07-03 23:26:13.347386
/bookvisitinfo.html?,AVAILABILITY,origin.list,2021-07-03 23:26:16.624534
/boomerang-latest.js,AVAILABILITY,origin.list,2021-07-03 23:26:19.899406
/boomerang-latest.min.js,AVAILABILITY,origin.list,2021-07-03 23:26:23.178948
/boomerang-minified-,AVAILABILITY,origin.list,2021-07-03 23:26:26.458768
/boomerang.js,AVAILABILITY,origin.list,2021-07-03 23:26:29.734531
/boomerang/beacon,AVAILABILITY,origin.list,2021-07-03 23:26:33.013211
/boomLogger.,AVAILABILITY,origin.list,2021-07-03 23:26:36.290451
/boomr.js,AVAILABILITY,origin.list,2021-07-03 23:26:39.567025
/boost_stats.,AVAILABILITY,origin.list,2021-07-03 23:26:42.846312
/botd.gif?,AVAILABILITY,origin.list,2021-07-03 23:26:46.124525
/bounce_user_tracking-,AVAILABILITY,origin.list,2021-07-03 23:26:49.402393
/bower_components/fp/fp.js,AVAILABILITY,origin.list,2021-07-03 23:26:52.679250
/bps_sv.gif?,AVAILABILITY,origin.list,2021-07-03 23:26:55.954441
/br-trk-,AVAILABILITY,origin.list,2021-07-03 23:26:59.229931
/br-trk.,AVAILABILITY,origin.list,2021-07-03 23:27:02.504480
/br_imps/add_item?,AVAILABILITY,origin.list,2021-07-03 23:27:05.779753
/brandAnalytics.js,AVAILABILITY,origin.list,2021-07-03 23:27:09.055167
/brightcove/tracking/*,AVAILABILITY,origin.list,2021-07-03 23:27:12.331162
/brightcoveGoogleAnalytics.,AVAILABILITY,origin.list,2021-07-03 23:27:15.610836
/brightedge.js,AVAILABILITY,origin.list,2021-07-03 23:27:18.885879
/brightspot/analytics/*,AVAILABILITY,origin.list,2021-07-03 23:27:22.164175
/brightTag-min.js,AVAILABILITY,origin.list,2021-07-03 23:27:25.442724
/britetrack/*,AVAILABILITY,origin.list,2021-07-03 23:27:28.728435
/bs.measure.,AVAILABILITY,origin.list,2021-07-03 23:27:32.004617
/bsc_trak.,AVAILABILITY,origin.list,2021-07-03 23:27:35.281396
/bShowTrack.,AVAILABILITY,origin.list,2021-07-03 23:27:38.557775
/bsp-analytics.,AVAILABILITY,origin.list,2021-07-03 23:27:41.833712
/bstat.js,AVAILABILITY,origin.list,2021-07-03 23:27:45.110122
/bstats.gif,AVAILABILITY,origin.list,2021-07-03 23:27:48.386143
/bsuite/worker.php?,AVAILABILITY,origin.list,2021-07-03 23:27:51.665734
